contract_id,method,baseline_method,initial_cost_s,baseline_marginal_cost_s,proposed_marginal_cost_s,baseline_setup_runtime_components,baseline_marginal_runtime_components,proposed_setup_runtime_components,proposed_marginal_runtime_components,baseline_setup_cost_s,proposed_setup_cost_s,break_even_q,verified_q,verified_q_minus_1,q_minus_1_verification_status,cost_baseline_q_minus_1,cost_proposed_q_minus_1,cost_baseline_q,cost_proposed_q,failure_reason,break_even_q_mean_runtime_sensitivity,break_even_q_mean_runtime_sensitivity_reason
strike_low,NCV_SCRATCH,GCV,0.18820887600008973,0.0021279070000446154,0.004131886999971357,pilot_runtime_s,pricing_runtime_s,ncv_setup_cost_s,pricing_runtime_s,0.0010813009998855705,0.18820887600008973,NA,False,False,not_verified,NA,NA,NA,NA,proposed_marginal_above_baseline_no_long_run_break_even,NA,proposed_marginal_above_baseline_no_long_run_break_even
strike_low,NCV_TRANSFER_BETA1,GCV,0.6784514414998739,0.0021279070000446154,0.00248707549997107,pilot_runtime_s,pricing_runtime_s,shared_reference_training_runtime_s,pricing_runtime_s,0.0010813009998855705,0.6784514414998739,NA,False,False,not_verified,NA,NA,NA,NA,proposed_marginal_above_baseline_no_long_run_break_even,NA,proposed_marginal_above_baseline_no_long_run_break_even
strike_low,NCV_TRANSFER_BETA,GCV,0.6791339704997199,0.0021279070000446154,0.0018757899999854999,pilot_runtime_s,pricing_runtime_s,shared_reference_training_runtime_s|pilot_runtime_s,pricing_runtime_s,0.0010813009998855705,0.6791339704997199,2690,True,True,verified_against_q_minus_1,5.723023224119856,5.723133280460729,5.725151131119901,5.725009070460715,,2690,
strike_high,NCV_SCRATCH,GCV,0.1842747360000203,0.0021276864999890677,0.0033447475000230042,pilot_runtime_s,pricing_runtime_s,ncv_setup_cost_s,pricing_runtime_s,0.001059244499970191,0.1842747360000203,NA,False,False,not_verified,NA,NA,NA,NA,proposed_marginal_above_baseline_no_long_run_break_even,NA,proposed_marginal_above_baseline_no_long_run_break_even
strike_high,NCV_TRANSFER_BETA1,GCV,0.6784514414998739,0.0021276864999890677,0.002473930499945709,pilot_runtime_s,pricing_runtime_s,shared_reference_training_runtime_s,pricing_runtime_s,0.001059244499970191,0.6784514414998739,NA,False,False,not_verified,NA,NA,NA,NA,proposed_marginal_above_baseline_no_long_run_break_even,NA,proposed_marginal_above_baseline_no_long_run_break_even
strike_high,NCV_TRANSFER_BETA,GCV,0.6791318459999047,0.0021276864999890677,0.0018940135000775626,pilot_runtime_s,pricing_runtime_s,shared_reference_training_runtime_s|pilot_runtime_s,pricing_runtime_s,0.001059244499970191,0.6791318459999047,2902,True,True,verified_against_q_minus_1,6.1734777809682555,6.173665009724914,6.175605467468245,6.1755590232249915,,2902,
volatility_low,NCV_SCRATCH,GCV,0.180025477000072,0.0021197114999722544,0.004526496500034227,pilot_runtime_s,pricing_runtime_s,ncv_setup_cost_s,pricing_runtime_s,0.0010511995000115348,0.180025477000072,NA,False,False,not_verified,NA,NA,NA,NA,proposed_marginal_above_baseline_no_long_run_break_even,NA,proposed_marginal_above_baseline_no_long_run_break_even
volatility_low,NCV_TRANSFER_BETA1,GCV,0.6784514414998739,0.0021197114999722544,0.0024805174999755764,pilot_runtime_s,pricing_runtime_s,shared_reference_training_runtime_s,pricing_runtime_s,0.0010511995000115348,0.6784514414998739,NA,False,False,not_verified,NA,NA,NA,NA,proposed_marginal_above_baseline_no_long_run_break_even,NA,proposed_marginal_above_baseline_no_long_run_break_even
volatility_low,NCV_TRANSFER_BETA,GCV,0.6791403824998952,0.0021197114999722544,0.0018600504999994882,pilot_runtime_s,pricing_runtime_s,shared_reference_training_runtime_s|pilot_runtime_s,pricing_runtime_s,0.0010511995000115348,0.6791403824998952,2612,True,True,verified_against_q_minus_1,5.535617925927568,5.535732237998559,5.53773763742754,5.5375922884985584,,2612,
volatility_high,NCV_SCRATCH,GCV,0.18478019149995362,0.002124190500012446,0.004846756500000993,pilot_runtime_s,pricing_runtime_s,ncv_setup_cost_s,pricing_runtime_s,0.0010594394998406642,0.18478019149995362,NA,False,False,not_verified,NA,NA,NA,NA,proposed_marginal_above_baseline_no_long_run_break_even,NA,proposed_marginal_above_baseline_no_long_run_break_even
volatility_high,NCV_TRANSFER_BETA1,GCV,0.6784514414998739,0.002124190500012446,0.0029869920000464845,pilot_runtime_s,pricing_runtime_s,shared_reference_training_runtime_s,pricing_runtime_s,0.0010594394998406642,0.6784514414998739,NA,False,False,not_verified,NA,NA,NA,NA,proposed_marginal_above_baseline_no_long_run_break_even,NA,proposed_marginal_above_baseline_no_long_run_break_even
volatility_high,NCV_TRANSFER_BETA,GCV,0.6791366899998366,0.002124190500012446,0.0018654854999340387,pilot_runtime_s,pricing_runtime_s,shared_reference_training_runtime_s|pilot_runtime_s,pricing_runtime_s,0.0010594394998406642,0.6791366899998366,2622,True,True,verified_against_q_minus_1,5.568562740032462,5.568574185326952,5.570686930532474,5.570439670826886,,2622,
maturity_short,NCV_SCRATCH,GCV,0.18918471449990193,0.002124581000089165,0.004436803499970665,pilot_runtime_s,pricing_runtime_s,ncv_setup_cost_s,pricing_runtime_s,0.0010535439998875518,0.18918471449990193,NA,False,False,not_verified,NA,NA,NA,NA,proposed_marginal_above_baseline_no_long_run_break_even,NA,proposed_marginal_above_baseline_no_long_run_break_even
maturity_short,NCV_TRANSFER_BETA1,GCV,0.6784514414998739,0.002124581000089165,0.0024865990000080274,pilot_runtime_s,pricing_runtime_s,shared_reference_training_runtime_s,pricing_runtime_s,0.0010535439998875518,0.6784514414998739,NA,False,False,not_verified,NA,NA,NA,NA,proposed_marginal_above_baseline_no_long_run_break_even,NA,proposed_marginal_above_baseline_no_long_run_break_even
maturity_short,NCV_TRANSFER_BETA,GCV,0.6791263659998776,0.002124581000089165,0.0018520805000434848,pilot_runtime_s,pricing_runtime_s,shared_reference_training_runtime_s|pilot_runtime_s,pricing_runtime_s,0.0010535439998875518,0.6791263659998776,2489,True,True,verified_against_q_minus_1,5.2870110722217305,5.287102650108068,5.28913565322182,5.288954730608111,,2489,
maturity_long,NCV_SCRATCH,GCV,0.18664895799997794,0.002130351499886274,0.003001203999929203,pilot_runtime_s,pricing_runtime_s,ncv_setup_cost_s,pricing_runtime_s,0.0010417920001373204,0.18664895799997794,NA,False,False,not_verified,NA,NA,NA,NA,proposed_marginal_above_baseline_no_long_run_break_even,NA,proposed_marginal_above_baseline_no_long_run_break_even
maturity_long,NCV_TRANSFER_BETA1,GCV,0.6784514414998739,0.002130351499886274,0.003544857000065349,pilot_runtime_s,pricing_runtime_s,shared_reference_training_runtime_s,pricing_runtime_s,0.0010417920001373204,0.6784514414998739,NA,False,False,not_verified,NA,NA,NA,NA,proposed_marginal_above_baseline_no_long_run_break_even,NA,proposed_marginal_above_baseline_no_long_run_break_even
maturity_long,NCV_TRANSFER_BETA,GCV,0.6791231304999883,0.002130351499886274,0.001843568499907633,pilot_runtime_s,pricing_runtime_s,shared_reference_training_runtime_s|pilot_runtime_s,pricing_runtime_s,0.0010417920001373204,0.6791231304999883,2365,True,True,verified_against_q_minus_1,5.037192737731289,5.037319064281633,5.039323089231175,5.03916263278154,,2365,
