contract_id,method,cost_scope,target_definition,target_se,Q,required_pricing_observations,required_simulated_paths,training_paths,pilot_paths,shared_paths,runtime_projection_basis_n,runtime_projection_is_empirical_or_projected,setup_reuse_assumption,projected_pricing_runtime_s_median,projected_pricing_runtime_s_mean_sensitivity,setup_cost_s,ncv_setup_cost_s,setup_runtime_components,marginal_pricing_cost_s,marginal_runtime_components,projected_total_cost_s,marginal_runtime_s,one_time_runtime_s,standalone_runtime_s,feasible,failure_reason
reference,MC,end_to_end,match_gcv_50000_se,0.016942650723312858,1,267421,267421,0,0,0,200,projected_from_empirical_single_n,no setup cost,2.067428408130263,2.067428408130263,0.0,NA,none,2.067428408130263,pricing_runtime_s,2.067428408130263,2.067428408130263,0.0,2.067428408130263,True,
reference,MC,end_to_end,match_scratch_50000_se,0.5466713112230066,1,257,257,0,0,0,200,projected_from_empirical_single_n,no setup cost,0.001986863787396942,0.001986863787396942,0.0,NA,none,0.001986863787396942,pricing_runtime_s,0.001986863787396942,0.001986863787396942,0.0,0.001986863787396942,True,
reference,MC,end_to_end,fixed_se_0.001,0.001,1,76764084,76764084,0,0,0,200,projected_from_empirical_single_n,no setup cost,593.4621738221673,593.4621738221673,0.0,NA,none,593.4621738221673,pricing_runtime_s,593.4621738221673,593.4621738221673,0.0,593.4621738221673,True,
reference,AV,end_to_end,match_gcv_50000_se,0.016942650723312858,1,65010,130020,0,0,0,200,projected_from_empirical_single_n,no setup cost,0.6534584166176841,0.6534584166176841,0.0,NA,none,0.6534584166176841,pricing_runtime_s,0.6534584166176841,0.6534584166176841,0.0,0.6534584166176841,True,
reference,AV,end_to_end,match_scratch_50000_se,0.5466713112230066,1,63,126,0,0,0,200,projected_from_empirical_single_n,no setup cost,0.0006332545800171373,0.0006332545800171373,0.0,NA,none,0.0006332545800171373,pricing_runtime_s,0.0006332545800171373,0.0006332545800171373,0.0,0.0006332545800171373,True,
reference,AV,end_to_end,fixed_se_0.001,0.001,1,18661111,37322222,0,0,0,200,projected_from_empirical_single_n,no setup cost,187.5751429993362,187.5751429993362,0.0,NA,none,187.5751429993362,pricing_runtime_s,187.5751429993362,187.5751429993362,0.0,187.5751429993362,True,
reference,GCV,end_to_end,match_gcv_50000_se,0.016942650723312858,1,201,201,0,50,0,200,projected_from_empirical_single_n,GCV pilot counted once per target,0.0015004368600511951,0.0015004368600511951,0.0008297299999640018,NA,pilot_runtime_s,0.0015004368600511951,pricing_runtime_s,0.002330166860015197,0.0015004368600511951,0.0008297299999640018,0.002330166860015197,True,
reference,GCV,end_to_end,match_scratch_50000_se,0.5466713112230066,1,2,2,0,50,0,200,projected_from_empirical_single_n,GCV pilot counted once per target,1.4929720000509404e-05,1.4929720000509404e-05,0.0008297299999640018,NA,pilot_runtime_s,1.4929720000509404e-05,pricing_runtime_s,0.0008446597199645112,1.4929720000509404e-05,0.0008297299999640018,0.0008446597199645112,True,
reference,GCV,end_to_end,fixed_se_0.001,0.001,1,57494,57494,0,50,0,200,projected_from_empirical_single_n,GCV pilot counted once per target,0.42918466085464385,0.42918466085464385,0.0008297299999640018,NA,pilot_runtime_s,0.42918466085464385,pricing_runtime_s,0.43001439085460785,0.42918466085464385,0.0008297299999640018,0.43001439085460785,True,
reference,NCV_SCRATCH,end_to_end,match_gcv_50000_se,0.016942650723312858,1,210726,210726,100,0,0,200,projected_from_empirical_single_n,target NCV setup (training-data generation + optimizer runtime) counted once; validation/tuning evaluation excluded,4.721074221895182,4.721074221895182,0.13335063299996364,0.13335063299996364,ncv_setup_cost_s,4.721074221895182,pricing_runtime_s,4.854424854895146,4.721074221895182,0.13335063299996364,4.854424854895146,True,
reference,NCV_SCRATCH,end_to_end,match_scratch_50000_se,0.5466713112230066,1,203,203,100,0,0,200,projected_from_empirical_single_n,target NCV setup (training-data generation + optimizer runtime) counted once; validation/tuning evaluation excluded,0.004547982057480909,0.004547982057480909,0.13335063299996364,0.13335063299996364,ncv_setup_cost_s,0.004547982057480909,pricing_runtime_s,0.13789861505744455,0.004547982057480909,0.13335063299996364,0.13789861505744455,True,
reference,NCV_SCRATCH,end_to_end,fixed_se_0.001,0.001,1,60489398,60489398,100,0,0,200,projected_from_empirical_single_n,target NCV setup (training-data generation + optimizer runtime) counted once; validation/tuning evaluation excluded,1355.1955506001061,1355.1955506001061,0.13335063299996364,0.13335063299996364,ncv_setup_cost_s,1355.1955506001061,pricing_runtime_s,1355.328901233106,1355.1955506001061,0.13335063299996364,1355.328901233106,True,
strike_low,MC,end_to_end,match_gcv_50000_se,0.021926106106842785,1,245826,245826,0,0,0,200,projected_from_empirical_single_n,no setup cost,2.028183725656622,2.028183725656622,0.0,NA,none,2.028183725656622,pricing_runtime_s,2.028183725656622,2.028183725656622,0.0,2.028183725656622,True,
strike_low,MC,end_to_end,match_scratch_50000_se,0.7546671926734114,1,208,208,0,0,0,200,projected_from_empirical_single_n,no setup cost,0.0017161008800394481,0.0017161008800394481,0.0,NA,none,0.0017161008800394481,pricing_runtime_s,0.0017161008800394481,0.0017161008800394481,0.0,0.0017161008800394481,True,
strike_low,MC,end_to_end,fixed_se_0.001,0.001,1,118181581,118181581,0,0,0,200,projected_from_empirical_single_n,no setup cost,975.0553613391987,975.0553613391987,0.0,NA,none,975.0553613391987,pricing_runtime_s,975.0553613391987,975.0553613391987,0.0,975.0553613391987,True,
strike_low,AV,end_to_end,match_gcv_50000_se,0.021926106106842785,1,3022,6044,0,0,0,200,projected_from_empirical_single_n,no setup cost,0.03699324637537188,0.03699324637537188,0.0,NA,none,0.03699324637537188,pricing_runtime_s,0.03699324637537188,0.03699324637537188,0.0,0.03699324637537188,True,
strike_low,AV,end_to_end,match_scratch_50000_se,0.7546671926734114,1,3,6,0,0,0,200,projected_from_empirical_single_n,no setup cost,3.672393750036917e-05,3.672393750036917e-05,0.0,NA,none,3.672393750036917e-05,pricing_runtime_s,3.672393750036917e-05,3.672393750036917e-05,0.0,3.672393750036917e-05,True,
strike_low,AV,end_to_end,fixed_se_0.001,0.001,1,1452419,2904838,0,0,0,200,projected_from_empirical_single_n,no setup cost,17.779514860116233,17.779514860116233,0.0,NA,none,17.779514860116233,pricing_runtime_s,17.779514860116233,17.779514860116233,0.0,17.779514860116233,True,
strike_low,GCV,end_to_end,match_gcv_50000_se,0.021926106106842785,1,201,201,0,50,0,200,projected_from_empirical_single_n,GCV pilot counted once per target,0.0021385465350448386,0.0021385465350448386,0.0010813009998855705,NA,pilot_runtime_s,0.0021385465350448386,pricing_runtime_s,0.003219847534930409,0.0021385465350448386,0.0010813009998855705,0.003219847534930409,True,
strike_low,GCV,end_to_end,match_scratch_50000_se,0.7546671926734114,1,2,2,0,50,0,200,projected_from_empirical_single_n,GCV pilot counted once per target,2.1279070000446155e-05,2.1279070000446155e-05,0.0010813009998855705,NA,pilot_runtime_s,2.1279070000446155e-05,pricing_runtime_s,0.0011025800698860166,2.1279070000446155e-05,0.0010813009998855705,0.0011025800698860166,True,
strike_low,GCV,end_to_end,fixed_se_0.001,0.001,1,96312,96312,0,50,0,200,projected_from_empirical_single_n,GCV pilot counted once per target,1.024714894941485,1.024714894941485,0.0010813009998855705,NA,pilot_runtime_s,1.024714894941485,pricing_runtime_s,1.0257961959413706,1.024714894941485,0.0010813009998855705,1.0257961959413706,True,
strike_low,NCV_SCRATCH,end_to_end,match_gcv_50000_se,0.021926106106842785,1,236997,236997,100,0,0,200,projected_from_empirical_single_n,target NCV setup (training-data generation + optimizer runtime) counted once; validation/tuning evaluation excluded,4.896224116661059,4.896224116661059,0.18820887600008973,0.18820887600008973,ncv_setup_cost_s,4.896224116661059,pricing_runtime_s,5.0844329926611485,4.896224116661059,0.18820887600008973,5.0844329926611485,True,
strike_low,NCV_SCRATCH,end_to_end,match_scratch_50000_se,0.7546671926734114,1,201,201,100,0,0,200,projected_from_empirical_single_n,target NCV setup (training-data generation + optimizer runtime) counted once; validation/tuning evaluation excluded,0.0041525464349712144,0.0041525464349712144,0.18820887600008973,0.18820887600008973,ncv_setup_cost_s,0.0041525464349712144,pricing_runtime_s,0.19236142243506094,0.0041525464349712144,0.18820887600008973,0.19236142243506094,True,
strike_low,NCV_SCRATCH,end_to_end,fixed_se_0.001,0.001,1,113937164,113937164,100,0,0,200,projected_from_empirical_single_n,target NCV setup (training-data generation + optimizer runtime) counted once; validation/tuning evaluation excluded,2353.877433726023,2353.877433726023,0.18820887600008973,0.18820887600008973,ncv_setup_cost_s,2353.877433726023,pricing_runtime_s,2354.065642602023,2353.877433726023,0.18820887600008973,2354.065642602023,True,
strike_low,NCV_TRANSFER_BETA1,end_to_end,match_gcv_50000_se,0.021926106106842785,1,212603,212603,0,0,100,200,projected_from_empirical_single_n,shared reference NCV training counted once,2.643798562601747,2.643798562601747,0.6784514414998739,0.6784514414998739,shared_reference_training_runtime_s,2.643798562601747,pricing_runtime_s,3.3222500041016207,2.643798562601747,0.6784514414998739,3.3222500041016207,True,
strike_low,NCV_TRANSFER_BETA1,end_to_end,match_scratch_50000_se,0.7546671926734114,1,180,180,0,0,100,200,projected_from_empirical_single_n,shared reference NCV training counted once,0.0022383679499739626,0.0022383679499739626,0.6784514414998739,0.6784514414998739,shared_reference_training_runtime_s,0.0022383679499739626,pricing_runtime_s,0.6806898094498479,0.0022383679499739626,0.6784514414998739,0.6806898094498479,True,
strike_low,NCV_TRANSFER_BETA1,end_to_end,fixed_se_0.001,0.001,1,102209753,102209753,0,0,100,200,projected_from_empirical_single_n,shared reference NCV training counted once,1271.0168627219728,1271.0168627219728,0.6784514414998739,0.6784514414998739,shared_reference_training_runtime_s,1271.0168627219728,pricing_runtime_s,1271.6953141634726,1271.0168627219728,0.6784514414998739,1271.6953141634726,True,
strike_low,NCV_TRANSFER_BETA,end_to_end,match_gcv_50000_se,0.021926106106842785,1,214608,214608,0,50,100,200,projected_from_empirical_single_n,shared reference NCV training counted once,2.012797701584441,2.012797701584441,0.6791339704997199,0.6791339704997199,shared_reference_training_runtime_s|pilot_runtime_s,2.012797701584441,pricing_runtime_s,2.691931672084161,2.012797701584441,0.6791339704997199,2.691931672084161,True,
strike_low,NCV_TRANSFER_BETA,end_to_end,match_scratch_50000_se,0.7546671926734114,1,182,182,0,50,100,200,projected_from_empirical_single_n,shared reference NCV training counted once,0.001706968899986805,0.001706968899986805,0.6791339704997199,0.6791339704997199,shared_reference_training_runtime_s|pilot_runtime_s,0.001706968899986805,pricing_runtime_s,0.6808409393997067,0.001706968899986805,0.6791339704997199,0.6808409393997067,True,
strike_low,NCV_TRANSFER_BETA,end_to_end,fixed_se_0.001,0.001,1,103173426,103173426,0,50,100,200,projected_from_empirical_single_n,shared reference NCV training counted once,967.65840377522,967.65840377522,0.6791339704997199,0.6791339704997199,shared_reference_training_runtime_s|pilot_runtime_s,967.65840377522,pricing_runtime_s,968.3375377457197,967.65840377522,0.6791339704997199,968.3375377457197,True,
strike_high,MC,end_to_end,match_gcv_50000_se,0.013547463315498488,1,17986,17986,0,0,0,200,projected_from_empirical_single_n,no setup cost,0.14532845377994819,0.14532845377994819,0.0,NA,none,0.14532845377994819,pricing_runtime_s,0.14532845377994819,0.14532845377994819,0.0,0.14532845377994819,True,
strike_high,MC,end_to_end,match_scratch_50000_se,0.16907363757086816,1,116,116,0,0,0,200,projected_from_empirical_single_n,no setup cost,0.0009372901500319131,0.0009372901500319131,0.0,NA,none,0.0009372901500319131,pricing_runtime_s,0.0009372901500319131,0.0009372901500319131,0.0,0.0009372901500319131,True,
strike_high,MC,end_to_end,fixed_se_0.001,0.001,1,3300873,3300873,0,0,0,200,projected_from_empirical_single_n,no setup cost,26.67134266729561,26.67134266729561,0.0,NA,none,26.67134266729561,pricing_runtime_s,26.67134266729561,26.67134266729561,0.0,26.67134266729561,True,
strike_high,AV,end_to_end,match_gcv_50000_se,0.013547463315498488,1,20789,41578,0,0,0,200,projected_from_empirical_single_n,no setup cost,0.25528855618993246,0.25528855618993246,0.0,NA,none,0.25528855618993246,pricing_runtime_s,0.25528855618993246,0.25528855618993246,0.0,0.25528855618993246,True,
strike_high,AV,end_to_end,match_scratch_50000_se,0.16907363757086816,1,134,268,0,0,0,200,projected_from_empirical_single_n,no setup cost,0.0016455176549834505,0.0016455176549834505,0.0,NA,none,0.0016455176549834505,pricing_runtime_s,0.0016455176549834505,0.0016455176549834505,0.0,0.0016455176549834505,True,
strike_high,AV,end_to_end,fixed_se_0.001,0.001,1,3815343,7630686,0,0,0,200,projected_from_empirical_single_n,no setup cost,46.85234527102629,46.85234527102629,0.0,NA,none,46.85234527102629,pricing_runtime_s,46.85234527102629,46.85234527102629,0.0,46.85234527102629,True,
strike_high,GCV,end_to_end,match_gcv_50000_se,0.013547463315498488,1,209,209,0,50,0,200,projected_from_empirical_single_n,GCV pilot counted once per target,0.0022234323924885755,0.0022234323924885755,0.001059244499970191,NA,pilot_runtime_s,0.0022234323924885755,pricing_runtime_s,0.0032826768924587666,0.0022234323924885755,0.001059244499970191,0.0032826768924587666,True,
strike_high,GCV,end_to_end,match_scratch_50000_se,0.16907363757086816,1,2,2,0,50,0,200,projected_from_empirical_single_n,GCV pilot counted once per target,2.1276864999890676e-05,2.1276864999890676e-05,0.001059244499970191,NA,pilot_runtime_s,2.1276864999890676e-05,pricing_runtime_s,0.0010805213649700818,2.1276864999890676e-05,0.001059244499970191,0.0010805213649700818,True,
strike_high,GCV,end_to_end,fixed_se_0.001,0.001,1,38179,38179,0,50,0,200,projected_from_empirical_single_n,GCV pilot counted once per target,0.4061647144154131,0.4061647144154131,0.001059244499970191,NA,pilot_runtime_s,0.4061647144154131,pricing_runtime_s,0.40722395891538327,0.4061647144154131,0.001059244499970191,0.40722395891538327,True,
strike_high,NCV_SCRATCH,end_to_end,match_gcv_50000_se,0.013547463315498488,1,31213,31213,100,0,0,200,projected_from_empirical_single_n,target NCV setup (training-data generation + optimizer runtime) counted once; validation/tuning evaluation excluded,0.5219980185910901,0.5219980185910901,0.1842747360000203,0.1842747360000203,ncv_setup_cost_s,0.5219980185910901,pricing_runtime_s,0.7062727545911104,0.5219980185910901,0.1842747360000203,0.7062727545911104,True,
strike_high,NCV_SCRATCH,end_to_end,match_scratch_50000_se,0.16907363757086816,1,201,201,100,0,0,200,projected_from_empirical_single_n,target NCV setup (training-data generation + optimizer runtime) counted once; validation/tuning evaluation excluded,0.0033614712375231192,0.0033614712375231192,0.1842747360000203,0.1842747360000203,ncv_setup_cost_s,0.0033614712375231192,pricing_runtime_s,0.18763620723754343,0.0033614712375231192,0.1842747360000203,0.18763620723754343,True,
strike_high,NCV_SCRATCH,end_to_end,fixed_se_0.001,0.001,1,5728622,5728622,100,0,0,200,projected_from_empirical_single_n,target NCV setup (training-data generation + optimizer runtime) counted once; validation/tuning evaluation excluded,95.8039705653839,95.8039705653839,0.1842747360000203,0.1842747360000203,ncv_setup_cost_s,95.8039705653839,pricing_runtime_s,95.98824530138393,95.8039705653839,0.1842747360000203,95.98824530138393,True,
strike_high,NCV_TRANSFER_BETA1,end_to_end,match_gcv_50000_se,0.013547463315498488,1,62073,62073,0,0,100,200,projected_from_empirical_single_n,shared reference NCV training counted once,0.76782143961565,0.76782143961565,0.6784514414998739,0.6784514414998739,shared_reference_training_runtime_s,0.76782143961565,pricing_runtime_s,1.4462728811155239,0.76782143961565,0.6784514414998739,1.4462728811155239,True,
strike_high,NCV_TRANSFER_BETA1,end_to_end,match_scratch_50000_se,0.16907363757086816,1,399,399,0,0,100,200,projected_from_empirical_single_n,shared reference NCV training counted once,0.004935491347391689,0.004935491347391689,0.6784514414998739,0.6784514414998739,shared_reference_training_runtime_s,0.004935491347391689,pricing_runtime_s,0.6833869328472656,0.004935491347391689,0.6784514414998739,0.6833869328472656,True,
strike_high,NCV_TRANSFER_BETA1,end_to_end,fixed_se_0.001,0.001,1,11392371,11392371,0,0,100,200,projected_from_empirical_single_n,shared reference NCV training counted once,140.91967041798497,140.91967041798497,0.6784514414998739,0.6784514414998739,shared_reference_training_runtime_s,140.91967041798497,pricing_runtime_s,141.59812185948485,140.91967041798497,0.6784514414998739,141.59812185948485,True,
strike_high,NCV_TRANSFER_BETA,end_to_end,match_gcv_50000_se,0.013547463315498488,1,17170,17170,0,50,100,200,projected_from_empirical_single_n,shared reference NCV training counted once,0.16260105898165875,0.16260105898165875,0.6791318459999047,0.6791318459999047,shared_reference_training_runtime_s|pilot_runtime_s,0.16260105898165875,pricing_runtime_s,0.8417329049815635,0.16260105898165875,0.6791318459999047,0.8417329049815635,True,
strike_high,NCV_TRANSFER_BETA,end_to_end,match_scratch_50000_se,0.16907363757086816,1,111,111,0,50,100,200,projected_from_empirical_single_n,shared reference NCV training counted once,0.0010511774925430473,0.0010511774925430473,0.6791318459999047,0.6791318459999047,shared_reference_training_runtime_s|pilot_runtime_s,0.0010511774925430473,pricing_runtime_s,0.6801830234924477,0.0010511774925430473,0.6791318459999047,0.6801830234924477,True,
strike_high,NCV_TRANSFER_BETA,end_to_end,fixed_se_0.001,0.001,1,3151262,3151262,0,50,100,200,projected_from_empirical_single_n,shared reference NCV training counted once,29.8426638514071,29.8426638514071,0.6791318459999047,0.6791318459999047,shared_reference_training_runtime_s|pilot_runtime_s,29.8426638514071,pricing_runtime_s,30.521795697407004,29.8426638514071,0.6791318459999047,30.521795697407004,True,
volatility_low,MC,end_to_end,match_gcv_50000_se,0.004766705189747557,1,928885,928885,0,0,0,200,projected_from_empirical_single_n,no setup cost,7.447941584830536,7.447941584830536,0.0,NA,none,7.447941584830536,pricing_runtime_s,7.447941584830536,7.447941584830536,0.0,7.447941584830536,True,
volatility_low,MC,end_to_end,match_scratch_50000_se,0.2924309335265249,1,247,247,0,0,0,200,projected_from_empirical_single_n,no setup cost,0.0019804836674649096,0.0019804836674649096,0.0,NA,none,0.0019804836674649096,pricing_runtime_s,0.0019804836674649096,0.0019804836674649096,0.0,0.0019804836674649096,True,
volatility_low,MC,end_to_end,fixed_se_0.001,0.001,1,21105636,21105636,0,0,0,200,projected_from_empirical_single_n,no setup cost,169.22820805449157,169.22820805449157,0.0,NA,none,169.22820805449157,pricing_runtime_s,169.22820805449157,169.22820805449157,0.0,169.22820805449157,True,
volatility_low,AV,end_to_end,match_gcv_50000_se,0.004766705189747557,1,145903,291806,0,0,0,200,projected_from_empirical_single_n,no setup cost,1.8494846658561503,1.8494846658561503,0.0,NA,none,1.8494846658561503,pricing_runtime_s,1.8494846658561503,1.8494846658561503,0.0,1.8494846658561503,True,
volatility_low,AV,end_to_end,match_scratch_50000_se,0.2924309335265249,1,39,78,0,0,0,200,projected_from_empirical_single_n,no setup cost,0.0004943688749949615,0.0004943688749949615,0.0,NA,none,0.0004943688749949615,pricing_runtime_s,0.0004943688749949615,0.0004943688749949615,0.0,0.0004943688749949615,True,
volatility_low,AV,end_to_end,fixed_se_0.001,0.001,1,3315131,6630262,0,0,0,200,projected_from_empirical_single_n,no setup cost,42.02301494694671,42.02301494694671,0.0,NA,none,42.02301494694671,pricing_runtime_s,42.02301494694671,42.02301494694671,0.0,42.02301494694671,True,
volatility_low,GCV,end_to_end,match_gcv_50000_se,0.004766705189747557,1,205,205,0,50,0,200,projected_from_empirical_single_n,GCV pilot counted once per target,0.0021727042874715606,0.0021727042874715606,0.0010511995000115348,NA,pilot_runtime_s,0.0021727042874715606,pricing_runtime_s,0.0032239037874830954,0.0021727042874715606,0.0010511995000115348,0.0032239037874830954,True,
volatility_low,GCV,end_to_end,match_scratch_50000_se,0.2924309335265249,1,2,2,0,50,0,200,projected_from_empirical_single_n,GCV pilot counted once per target,2.1197114999722544e-05,2.1197114999722544e-05,0.0010511995000115348,NA,pilot_runtime_s,2.1197114999722544e-05,pricing_runtime_s,0.0010723966150112574,2.1197114999722544e-05,0.0010511995000115348,0.0010723966150112574,True,
volatility_low,GCV,end_to_end,fixed_se_0.001,0.001,1,4642,4642,0,50,0,200,projected_from_empirical_single_n,GCV pilot counted once per target,0.049198503914356026,0.049198503914356026,0.0010511995000115348,NA,pilot_runtime_s,0.049198503914356026,pricing_runtime_s,0.05024970341436756,0.049198503914356026,0.0010511995000115348,0.05024970341436756,True,
volatility_low,NCV_SCRATCH,end_to_end,match_gcv_50000_se,0.004766705189747557,1,754400,754400,100,0,0,200,projected_from_empirical_single_n,target NCV setup (training-data generation + optimizer runtime) counted once; validation/tuning evaluation excluded,17.073944798129105,17.073944798129105,0.180025477000072,0.180025477000072,ncv_setup_cost_s,17.073944798129105,pricing_runtime_s,17.253970275129177,17.073944798129105,0.180025477000072,17.253970275129177,True,
volatility_low,NCV_SCRATCH,end_to_end,match_scratch_50000_se,0.2924309335265249,1,201,201,100,0,0,200,projected_from_empirical_single_n,target NCV setup (training-data generation + optimizer runtime) counted once; validation/tuning evaluation excluded,0.004549128982534398,0.004549128982534398,0.180025477000072,0.180025477000072,ncv_setup_cost_s,0.004549128982534398,pricing_runtime_s,0.1845746059826064,0.004549128982534398,0.180025477000072,0.1845746059826064,True,
volatility_low,NCV_SCRATCH,end_to_end,fixed_se_0.001,0.001,1,17141061,17141061,100,0,0,200,projected_from_empirical_single_n,target NCV setup (training-data generation + optimizer runtime) counted once; validation/tuning evaluation excluded,387.94476311686594,387.94476311686594,0.180025477000072,0.180025477000072,ncv_setup_cost_s,387.94476311686594,pricing_runtime_s,388.124788593866,387.94476311686594,0.180025477000072,388.124788593866,True,
volatility_low,NCV_TRANSFER_BETA1,end_to_end,match_gcv_50000_se,0.004766705189747557,1,839959,839959,0,0,100,200,projected_from_empirical_single_n,shared reference NCV training counted once,10.417664993809925,10.417664993809925,0.6784514414998739,0.6784514414998739,shared_reference_training_runtime_s,10.417664993809925,pricing_runtime_s,11.0961164353098,10.417664993809925,0.6784514414998739,11.0961164353098,True,
volatility_low,NCV_TRANSFER_BETA1,end_to_end,match_scratch_50000_se,0.2924309335265249,1,224,224,0,0,100,200,projected_from_empirical_single_n,shared reference NCV training counted once,0.0027781795999726453,0.0027781795999726453,0.6784514414998739,0.6784514414998739,shared_reference_training_runtime_s,0.0027781795999726453,pricing_runtime_s,0.6812296210998465,0.0027781795999726453,0.6784514414998739,0.6812296210998465,True,
volatility_low,NCV_TRANSFER_BETA1,end_to_end,fixed_se_0.001,0.001,1,19085102,19085102,0,0,100,200,projected_from_empirical_single_n,shared reference NCV training counted once,236.70464749909436,236.70464749909436,0.6784514414998739,0.6784514414998739,shared_reference_training_runtime_s,236.70464749909436,pricing_runtime_s,237.38309894059424,236.70464749909436,0.6784514414998739,237.38309894059424,True,
volatility_low,NCV_TRANSFER_BETA,end_to_end,match_gcv_50000_se,0.004766705189747557,1,803134,803134,0,50,100,200,projected_from_empirical_single_n,shared reference NCV training counted once,7.469348991332946,7.469348991332946,0.6791403824998952,0.6791403824998952,shared_reference_training_runtime_s|pilot_runtime_s,7.469348991332946,pricing_runtime_s,8.148489373832842,7.469348991332946,0.6791403824998952,8.148489373832842,True,
volatility_low,NCV_TRANSFER_BETA,end_to_end,match_scratch_50000_se,0.2924309335265249,1,214,214,0,50,100,200,projected_from_empirical_single_n,shared reference NCV training counted once,0.0019902540349994524,0.0019902540349994524,0.6791403824998952,0.6791403824998952,shared_reference_training_runtime_s|pilot_runtime_s,0.0019902540349994524,pricing_runtime_s,0.6811306365348946,0.0019902540349994524,0.6791403824998952,0.6811306365348946,True,
volatility_low,NCV_TRANSFER_BETA,end_to_end,fixed_se_0.001,0.001,1,18248376,18248376,0,50,100,200,projected_from_empirical_single_n,shared reference NCV training counted once,169.71450451489332,169.71450451489332,0.6791403824998952,0.6791403824998952,shared_reference_training_runtime_s|pilot_runtime_s,169.71450451489332,pricing_runtime_s,170.39364489739322,169.71450451489332,0.6791403824998952,170.39364489739322,True,
volatility_high,MC,end_to_end,match_gcv_50000_se,0.0876480018594703,1,50947,50947,0,0,0,200,projected_from_empirical_single_n,no setup cost,0.410005025605646,0.410005025605646,0.0,NA,none,0.410005025605646,pricing_runtime_s,0.410005025605646,0.410005025605646,0.0,0.410005025605646,True,
volatility_high,MC,end_to_end,match_scratch_50000_se,1.305172248262652,1,230,230,0,0,0,200,projected_from_empirical_single_n,no setup cost,0.0018509658250593474,0.0018509658250593474,0.0,NA,none,0.0018509658250593474,pricing_runtime_s,0.0018509658250593474,0.0018509658250593474,0.0,0.0018509658250593474,True,
volatility_high,MC,end_to_end,fixed_se_0.001,0.001,1,391378801,391378801,0,0,0,200,projected_from_empirical_single_n,no setup cost,3149.690370885666,3149.690370885666,0.0,NA,none,3149.690370885666,pricing_runtime_s,3149.690370885666,3149.690370885666,0.0,3149.690370885666,True,
volatility_high,AV,end_to_end,match_gcv_50000_se,0.0876480018594703,1,19081,38162,0,0,0,200,projected_from_empirical_single_n,no setup cost,0.23732475544772738,0.23732475544772738,0.0,NA,none,0.23732475544772738,pricing_runtime_s,0.23732475544772738,0.23732475544772738,0.0,0.23732475544772738,True,
volatility_high,AV,end_to_end,match_scratch_50000_se,1.305172248262652,1,87,174,0,0,0,200,projected_from_empirical_single_n,no setup cost,0.0010820844674782391,0.0010820844674782391,0.0,NA,none,0.0010820844674782391,pricing_runtime_s,0.0010820844674782391,0.0010820844674782391,0.0,0.0010820844674782391,True,
volatility_high,AV,end_to_end,fixed_se_0.001,0.001,1,146580413,293160826,0,0,0,200,projected_from_empirical_single_n,no setup cost,1823.1308982051191,1823.1308982051191,0.0,NA,none,1823.1308982051191,pricing_runtime_s,1823.1308982051191,1823.1308982051191,0.0,1823.1308982051191,True,
volatility_high,GCV,end_to_end,match_gcv_50000_se,0.0876480018594703,1,202,202,0,50,0,200,projected_from_empirical_single_n,GCV pilot counted once per target,0.002145432405012571,0.002145432405012571,0.0010594394998406642,NA,pilot_runtime_s,0.002145432405012571,pricing_runtime_s,0.003204871904853235,0.002145432405012571,0.0010594394998406642,0.003204871904853235,True,
volatility_high,GCV,end_to_end,match_scratch_50000_se,1.305172248262652,1,2,2,0,50,0,200,projected_from_empirical_single_n,GCV pilot counted once per target,2.1241905000124464e-05,2.1241905000124464e-05,0.0010594394998406642,NA,pilot_runtime_s,2.1241905000124464e-05,pricing_runtime_s,0.0010806814048407887,2.1241905000124464e-05,0.0010594394998406642,0.0010806814048407887,True,
volatility_high,GCV,end_to_end,fixed_se_0.001,0.001,1,1546413,1546413,0,50,0,200,projected_from_empirical_single_n,GCV pilot counted once per target,16.424379018478735,16.424379018478735,0.0010594394998406642,NA,pilot_runtime_s,16.424379018478735,pricing_runtime_s,16.425438457978576,16.424379018478735,0.0010594394998406642,16.425438457978576,True,
volatility_high,NCV_SCRATCH,end_to_end,match_gcv_50000_se,0.0876480018594703,1,44402,44402,100,0,0,200,projected_from_empirical_single_n,target NCV setup (training-data generation + optimizer runtime) counted once; validation/tuning evaluation excluded,1.0760284105652203,1.0760284105652203,0.18478019149995362,0.18478019149995362,ncv_setup_cost_s,1.0760284105652203,pricing_runtime_s,1.2608086020651739,1.0760284105652203,0.18478019149995362,1.2608086020651739,True,
volatility_high,NCV_SCRATCH,end_to_end,match_scratch_50000_se,1.305172248262652,1,201,201,100,0,0,200,projected_from_empirical_single_n,target NCV setup (training-data generation + optimizer runtime) counted once; validation/tuning evaluation excluded,0.004870990282500997,0.004870990282500997,0.18478019149995362,0.18478019149995362,ncv_setup_cost_s,0.004870990282500997,pricing_runtime_s,0.1896511817824546,0.004870990282500997,0.18478019149995362,0.1896511817824546,True,
volatility_high,NCV_SCRATCH,end_to_end,fixed_se_0.001,0.001,1,341097499,341097499,100,0,0,200,projected_from_empirical_single_n,target NCV setup (training-data generation + optimizer runtime) counted once; validation/tuning evaluation excluded,8266.082602061659,8266.082602061659,0.18478019149995362,0.18478019149995362,ncv_setup_cost_s,8266.082602061659,pricing_runtime_s,8266.267382253158,8266.082602061659,0.18478019149995362,8266.267382253158,True,
volatility_high,NCV_TRANSFER_BETA1,end_to_end,match_gcv_50000_se,0.0876480018594703,1,45311,45311,0,0,100,200,projected_from_empirical_single_n,shared reference NCV training counted once,0.6767179725705313,0.6767179725705313,0.6784514414998739,0.6784514414998739,shared_reference_training_runtime_s,0.6767179725705313,pricing_runtime_s,1.3551694140704051,0.6767179725705313,0.6784514414998739,1.3551694140704051,True,
volatility_high,NCV_TRANSFER_BETA1,end_to_end,match_scratch_50000_se,1.305172248262652,1,205,205,0,0,100,200,projected_from_empirical_single_n,shared reference NCV training counted once,0.003061666800047647,0.003061666800047647,0.6784514414998739,0.6784514414998739,shared_reference_training_runtime_s,0.003061666800047647,pricing_runtime_s,0.6815131082999215,0.003061666800047647,0.6784514414998739,0.6815131082999215,True,
volatility_high,NCV_TRANSFER_BETA1,end_to_end,fixed_se_0.001,0.001,1,348086288,348086288,0,0,100,200,projected_from_empirical_single_n,shared reference NCV training counted once,5198.654787909383,5198.654787909383,0.6784514414998739,0.6784514414998739,shared_reference_training_runtime_s,5198.654787909383,pricing_runtime_s,5199.333239350883,5198.654787909383,0.6784514414998739,5199.333239350883,True,
volatility_high,NCV_TRANSFER_BETA,end_to_end,match_gcv_50000_se,0.0876480018594703,1,43489,43489,0,50,100,200,projected_from_empirical_single_n,shared reference NCV training counted once,0.405640494533157,0.405640494533157,0.6791366899998366,0.6791366899998366,shared_reference_training_runtime_s|pilot_runtime_s,0.405640494533157,pricing_runtime_s,1.0847771845329937,0.405640494533157,0.6791366899998366,1.0847771845329937,True,
volatility_high,NCV_TRANSFER_BETA,end_to_end,match_scratch_50000_se,1.305172248262652,1,197,197,0,50,100,200,projected_from_empirical_single_n,shared reference NCV training counted once,0.001837503217435028,0.001837503217435028,0.6791366899998366,0.6791366899998366,shared_reference_training_runtime_s|pilot_runtime_s,0.001837503217435028,pricing_runtime_s,0.6809741932172716,0.001837503217435028,0.6791366899998366,0.6809741932172716,True,
volatility_high,NCV_TRANSFER_BETA,end_to_end,fixed_se_0.001,0.001,1,334087100,334087100,0,50,100,200,projected_from_empirical_single_n,shared reference NCV training counted once,3116.1732038250657,3116.1732038250657,0.6791366899998366,0.6791366899998366,shared_reference_training_runtime_s|pilot_runtime_s,3116.1732038250657,pricing_runtime_s,3116.8523405150654,3116.1732038250657,0.6791366899998366,3116.8523405150654,True,
maturity_short,MC,end_to_end,match_gcv_50000_se,0.007935714164116476,1,508895,508895,0,0,0,200,projected_from_empirical_single_n,no setup cost,4.107493830807794,4.107493830807794,0.0,NA,none,4.107493830807794,pricing_runtime_s,4.107493830807794,4.107493830807794,0.0,4.107493830807794,True,
maturity_short,MC,end_to_end,match_scratch_50000_se,0.3708832298288445,1,233,233,0,0,0,200,projected_from_empirical_single_n,no setup cost,0.0018806356175207382,0.0018806356175207382,0.0,NA,none,0.0018806356175207382,pricing_runtime_s,0.0018806356175207382,0.0018806356175207382,0.0,0.0018806356175207382,True,
maturity_short,MC,end_to_end,fixed_se_0.001,0.001,1,32047947,32047947,0,0,0,200,projected_from_empirical_single_n,no setup cost,258.6717192987849,258.6717192987849,0.0,NA,none,258.6717192987849,pricing_runtime_s,258.6717192987849,258.6717192987849,0.0,258.6717192987849,True,
maturity_short,AV,end_to_end,match_gcv_50000_se,0.007935714164116476,1,116709,233418,0,0,0,200,projected_from_empirical_single_n,no setup cost,1.4352718179939643,1.4352718179939643,0.0,NA,none,1.4352718179939643,pricing_runtime_s,1.4352718179939643,1.4352718179939643,0.0,1.4352718179939643,True,
maturity_short,AV,end_to_end,match_scratch_50000_se,0.3708832298288445,1,54,108,0,0,0,200,projected_from_empirical_single_n,no setup cost,0.0006640848449706027,0.0006640848449706027,0.0,NA,none,0.0006640848449706027,pricing_runtime_s,0.0006640848449706027,0.0006640848449706027,0.0,0.0006640848449706027,True,
maturity_short,AV,end_to_end,fixed_se_0.001,0.001,1,7349794,14699588,0,0,0,200,projected_from_empirical_single_n,no setup cost,90.38679276029382,90.38679276029382,0.0,NA,none,90.38679276029382,pricing_runtime_s,90.38679276029382,90.38679276029382,0.0,90.38679276029382,True,
maturity_short,GCV,end_to_end,match_gcv_50000_se,0.007935714164116476,1,203,203,0,50,0,200,projected_from_empirical_single_n,GCV pilot counted once per target,0.002156449715090503,0.002156449715090503,0.0010535439998875518,NA,pilot_runtime_s,0.002156449715090503,pricing_runtime_s,0.0032099937149780546,0.002156449715090503,0.0010535439998875518,0.0032099937149780546,True,
maturity_short,GCV,end_to_end,match_scratch_50000_se,0.3708832298288445,1,2,2,0,50,0,200,projected_from_empirical_single_n,GCV pilot counted once per target,2.1245810000891654e-05,2.1245810000891654e-05,0.0010535439998875518,NA,pilot_runtime_s,2.1245810000891654e-05,pricing_runtime_s,0.0010747898098884435,2.1245810000891654e-05,0.0010535439998875518,0.0010747898098884435,True,
maturity_short,GCV,end_to_end,fixed_se_0.001,0.001,1,12745,12745,0,50,0,200,projected_from_empirical_single_n,GCV pilot counted once per target,0.13538892423068208,0.13538892423068208,0.0010535439998875518,NA,pilot_runtime_s,0.13538892423068208,pricing_runtime_s,0.13644246823056963,0.13538892423068208,0.0010535439998875518,0.13644246823056963,True,
maturity_short,NCV_SCRATCH,end_to_end,match_gcv_50000_se,0.007935714164116476,1,436899,436899,100,0,0,200,projected_from_empirical_single_n,target NCV setup (training-data generation + optimizer runtime) counted once; validation/tuning evaluation excluded,9.692175061668419,9.692175061668419,0.18918471449990193,0.18918471449990193,ncv_setup_cost_s,9.692175061668419,pricing_runtime_s,9.88135977616832,9.692175061668419,0.18918471449990193,9.88135977616832,True,
maturity_short,NCV_SCRATCH,end_to_end,match_scratch_50000_se,0.3708832298288445,1,201,201,100,0,0,200,projected_from_empirical_single_n,target NCV setup (training-data generation + optimizer runtime) counted once; validation/tuning evaluation excluded,0.004458987517470518,0.004458987517470518,0.18918471449990193,0.18918471449990193,ncv_setup_cost_s,0.004458987517470518,pricing_runtime_s,0.19364370201737244,0.004458987517470518,0.18918471449990193,0.19364370201737244,True,
maturity_short,NCV_SCRATCH,end_to_end,fixed_se_0.001,0.001,1,27513908,27513908,100,0,0,200,projected_from_empirical_single_n,target NCV setup (training-data generation + optimizer runtime) counted once; validation/tuning evaluation excluded,610.3690165613544,610.3690165613544,0.18918471449990193,0.18918471449990193,ncv_setup_cost_s,610.3690165613544,pricing_runtime_s,610.5582012758543,610.3690165613544,0.18918471449990193,610.5582012758543,True,
maturity_short,NCV_TRANSFER_BETA1,end_to_end,match_gcv_50000_se,0.007935714164116476,1,447646,447646,0,0,100,200,projected_from_empirical_single_n,shared reference NCV training counted once,5.565580479787967,5.565580479787967,0.6784514414998739,0.6784514414998739,shared_reference_training_runtime_s,5.565580479787967,pricing_runtime_s,6.244031921287841,5.565580479787967,0.6784514414998739,6.244031921287841,True,
maturity_short,NCV_TRANSFER_BETA1,end_to_end,match_scratch_50000_se,0.3708832298288445,1,205,205,0,0,100,200,projected_from_empirical_single_n,shared reference NCV training counted once,0.002548763975008228,0.002548763975008228,0.6784514414998739,0.6784514414998739,shared_reference_training_runtime_s,0.002548763975008228,pricing_runtime_s,0.6810002054748822,0.002548763975008228,0.6784514414998739,0.6810002054748822,True,
maturity_short,NCV_TRANSFER_BETA1,end_to_end,fixed_se_0.001,0.001,1,28190752,28190752,0,0,100,200,projected_from_empirical_single_n,shared reference NCV training counted once,350.4954786633715,350.4954786633715,0.6784514414998739,0.6784514414998739,shared_reference_training_runtime_s,350.4954786633715,pricing_runtime_s,351.1739301048714,350.4954786633715,0.6784514414998739,351.1739301048714,True,
maturity_short,NCV_TRANSFER_BETA,end_to_end,match_gcv_50000_se,0.007935714164116476,1,497097,497097,0,50,100,200,projected_from_empirical_single_n,shared reference NCV training counted once,4.603318301650581,4.603318301650581,0.6791263659998776,0.6791263659998776,shared_reference_training_runtime_s|pilot_runtime_s,4.603318301650581,pricing_runtime_s,5.282444667650458,4.603318301650581,0.6791263659998776,5.282444667650458,True,
maturity_short,NCV_TRANSFER_BETA,end_to_end,match_scratch_50000_se,0.3708832298288445,1,228,228,0,50,100,200,projected_from_empirical_single_n,shared reference NCV training counted once,0.0021113717700495726,0.0021113717700495726,0.6791263659998776,0.6791263659998776,shared_reference_training_runtime_s|pilot_runtime_s,0.0021113717700495726,pricing_runtime_s,0.6812377377699272,0.0021113717700495726,0.6791263659998776,0.6812377377699272,True,
maturity_short,NCV_TRANSFER_BETA,end_to_end,fixed_se_0.001,0.001,1,31304942,31304942,0,50,100,200,projected_from_empirical_single_n,shared reference NCV training counted once,289.8963631659614,289.8963631659614,0.6791263659998776,0.6791263659998776,shared_reference_training_runtime_s|pilot_runtime_s,289.8963631659614,pricing_runtime_s,290.5754895319613,289.8963631659614,0.6791263659998776,290.5754895319613,True,
maturity_long,MC,end_to_end,match_gcv_50000_se,0.0424628395066858,1,90686,90686,0,0,0,200,projected_from_empirical_single_n,no setup cost,0.7268863780986954,0.7268863780986954,0.0,NA,none,0.7268863780986954,pricing_runtime_s,0.7268863780986954,0.7268863780986954,0.0,0.7268863780986954,True,
maturity_long,MC,end_to_end,match_scratch_50000_se,0.837598293518316,1,234,234,0,0,0,200,projected_from_empirical_single_n,no setup cost,0.001875608279945027,0.001875608279945027,0.0,NA,none,0.001875608279945027,pricing_runtime_s,0.001875608279945027,0.001875608279945027,0.0,0.001875608279945027,True,
maturity_long,MC,end_to_end,fixed_se_0.001,0.001,1,163513876,163513876,0,0,0,200,projected_from_empirical_single_n,no setup cost,1310.6323919295062,1310.6323919295062,0.0,NA,none,1310.6323919295062,pricing_runtime_s,1310.6323919295062,1310.6323919295062,0.0,1310.6323919295062,True,
maturity_long,AV,end_to_end,match_gcv_50000_se,0.0424628395066858,1,22531,45062,0,0,0,200,projected_from_empirical_single_n,no setup cost,0.2768022347461039,0.2768022347461039,0.0,NA,none,0.2768022347461039,pricing_runtime_s,0.2768022347461039,0.2768022347461039,0.0,0.2768022347461039,True,
maturity_long,AV,end_to_end,match_scratch_50000_se,0.837598293518316,1,58,116,0,0,0,200,projected_from_empirical_single_n,no setup cost,0.0007125529100028416,0.0007125529100028416,0.0,NA,none,0.0007125529100028416,pricing_runtime_s,0.0007125529100028416,0.0007125529100028416,0.0,0.0007125529100028416,True,
maturity_long,AV,end_to_end,fixed_se_0.001,0.001,1,40624805,81249610,0,0,0,200,projected_from_empirical_single_n,no setup cost,499.0917762249653,499.0917762249653,0.0,NA,none,499.0917762249653,pricing_runtime_s,499.0917762249653,499.0917762249653,0.0,499.0917762249653,True,
maturity_long,GCV,end_to_end,match_gcv_50000_se,0.0424628395066858,1,202,202,0,50,0,200,projected_from_empirical_single_n,GCV pilot counted once per target,0.0021516550148851367,0.0021516550148851367,0.0010417920001373204,NA,pilot_runtime_s,0.0021516550148851367,pricing_runtime_s,0.003193447015022457,0.0021516550148851367,0.0010417920001373204,0.003193447015022457,True,
maturity_long,GCV,end_to_end,match_scratch_50000_se,0.837598293518316,1,2,2,0,50,0,200,projected_from_empirical_single_n,GCV pilot counted once per target,2.1303514998862738e-05,2.1303514998862738e-05,0.0010417920001373204,NA,pilot_runtime_s,2.1303514998862738e-05,pricing_runtime_s,0.001063095515136183,2.1303514998862738e-05,0.0010417920001373204,0.001063095515136183,True,
maturity_long,GCV,end_to_end,fixed_se_0.001,0.001,1,362736,362736,0,50,0,200,projected_from_empirical_single_n,GCV pilot counted once per target,3.863775908313737,3.863775908313737,0.0010417920001373204,NA,pilot_runtime_s,3.863775908313737,pricing_runtime_s,3.8648177003138744,3.863775908313737,0.0010417920001373204,3.8648177003138744,True,
maturity_long,NCV_SCRATCH,end_to_end,match_gcv_50000_se,0.0424628395066858,1,77927,77927,100,0,0,200,projected_from_empirical_single_n,target NCV setup (training-data generation + optimizer runtime) counted once; validation/tuning evaluation excluded,1.169374120512415,1.169374120512415,0.18664895799997794,0.18664895799997794,ncv_setup_cost_s,1.169374120512415,pricing_runtime_s,1.356023078512393,1.169374120512415,0.18664895799997794,1.356023078512393,True,
maturity_long,NCV_SCRATCH,end_to_end,match_scratch_50000_se,0.837598293518316,1,201,201,100,0,0,200,projected_from_empirical_single_n,target NCV setup (training-data generation + optimizer runtime) counted once; validation/tuning evaluation excluded,0.003016210019928849,0.003016210019928849,0.18664895799997794,0.18664895799997794,ncv_setup_cost_s,0.003016210019928849,pricing_runtime_s,0.1896651680199068,0.003016210019928849,0.18664895799997794,0.1896651680199068,True,
maturity_long,NCV_SCRATCH,end_to_end,fixed_se_0.001,0.001,1,140508859,140508859,100,0,0,200,projected_from_empirical_single_n,target NCV setup (training-data generation + optimizer runtime) counted once; validation/tuning evaluation excluded,2108.4787482814418,2108.4787482814418,0.18664895799997794,0.18664895799997794,ncv_setup_cost_s,2108.4787482814418,pricing_runtime_s,2108.6653972394415,2108.4787482814418,0.18664895799997794,2108.6653972394415,True,
maturity_long,NCV_TRANSFER_BETA1,end_to_end,match_gcv_50000_se,0.0424628395066858,1,79829,79829,0,0,100,200,projected_from_empirical_single_n,shared reference NCV training counted once,1.4149119472910838,1.4149119472910838,0.6784514414998739,0.6784514414998739,shared_reference_training_runtime_s,1.4149119472910838,pricing_runtime_s,2.0933633887909577,1.4149119472910838,0.6784514414998739,2.0933633887909577,True,
maturity_long,NCV_TRANSFER_BETA1,end_to_end,match_scratch_50000_se,0.837598293518316,1,206,206,0,0,100,200,projected_from_empirical_single_n,shared reference NCV training counted once,0.0036512027100673097,0.0036512027100673097,0.6784514414998739,0.6784514414998739,shared_reference_training_runtime_s,0.0036512027100673097,pricing_runtime_s,0.6821026442099413,0.0036512027100673097,0.6784514414998739,0.6821026442099413,True,
maturity_long,NCV_TRANSFER_BETA1,end_to_end,fixed_se_0.001,0.001,1,143937787,143937787,0,0,100,200,projected_from_empirical_single_n,shared reference NCV training counted once,2551.194359104326,2551.194359104326,0.6784514414998739,0.6784514414998739,shared_reference_training_runtime_s,2551.194359104326,pricing_runtime_s,2551.872810545826,2551.194359104326,0.6784514414998739,2551.872810545826,True,
maturity_long,NCV_TRANSFER_BETA,end_to_end,match_gcv_50000_se,0.0424628395066858,1,80063,80063,0,50,100,200,projected_from_empirical_single_n,shared reference NCV training counted once,0.7380081240405241,0.7380081240405241,0.6791231304999883,0.6791231304999883,shared_reference_training_runtime_s|pilot_runtime_s,0.7380081240405241,pricing_runtime_s,1.4171312545405124,0.7380081240405241,0.6791231304999883,1.4171312545405124,True,
maturity_long,NCV_TRANSFER_BETA,end_to_end,match_scratch_50000_se,0.837598293518316,1,206,206,0,50,100,200,projected_from_empirical_single_n,shared reference NCV training counted once,0.001898875554904862,0.001898875554904862,0.6791231304999883,0.6791231304999883,shared_reference_training_runtime_s|pilot_runtime_s,0.001898875554904862,pricing_runtime_s,0.6810220060548932,0.001898875554904862,0.6791231304999883,0.6810220060548932,True,
maturity_long,NCV_TRANSFER_BETA,end_to_end,fixed_se_0.001,0.001,1,144360487,144360487,0,50,100,200,projected_from_empirical_single_n,shared reference NCV training counted once,1330.6922323226268,1330.6922323226268,0.6791231304999883,0.6791231304999883,shared_reference_training_runtime_s|pilot_runtime_s,1330.6922323226268,pricing_runtime_s,1331.3713554531269,1330.6922323226268,0.6791231304999883,1331.3713554531269,True,
