contract_id,method,successful_replications,failed_replications,failure_messages,mean_price,median_price,empirical_std_across_replications,empirical_standard_error_of_mean,mean_reported_estimator_standard_error,pricing_observations_mean,pricing_simulated_paths_mean,pilot_paths_mean,target_training_paths_mean,mean_observation_variance,mean_estimator_variance,bias_against_reference_estimate,absolute_bias,mae,rmse,mean_confidence_interval_width,naive_coverage_against_estimated_reference,naive_coverage_label,variance_reduction_vs_mc_arithmetic_mean,variance_reduction_vs_gcv_arithmetic_mean,path_efficiency_vs_mc,runtime_efficiency_vs_mc,setup_cost_s_median,setup_cost_s_mean,setup_cost_s_std,pricing_runtime_s_median,pricing_runtime_s_mean,pricing_runtime_s_std,pilot_runtime_s_median,pilot_runtime_s_mean,pilot_runtime_s_std,target_training_runtime_s_median,target_training_runtime_s_mean,target_training_runtime_s_std,ncv_setup_cost_s_median,ncv_setup_cost_s_mean,ncv_setup_cost_s_std,marginal_runtime_s_median,marginal_runtime_s_mean,marginal_runtime_s_std,standalone_runtime_s_median,standalone_runtime_s_mean,standalone_runtime_s_std
maturity_long,AV,5,0,,8.729653402401823,8.72980295355516,0.025358404033345674,0.011340623043893154,0.025627505083159512,50000.0,100000.0,0.0,0.0,32.83940874691699,0.0006567881749383398,-0.00334290043855745,0.00334290043855745,0.017486147571563748,0.022926271119325634,0.10045981992598527,1.0,naive_coverage_vs_estimated_reference_not_true_coverage,4.286174976021564,0.007064333924246347,0.5,0.6875842885550765,0.0,0.0,0.0,0.490402240000094,0.4916956106000271,0.0034310151188233972,0.0,0.0,0.0,0.0,0.0,0.0,NA,NA,NA,0.490402240000094,0.4916956106000271,0.0034310151188233972,0.490402240000094,0.4916956106000271,0.0034310151188233972
maturity_long,GCV,5,0,,8.733841871836571,8.733568281638895,0.0013569434252440212,0.0006068435480934071,0.0021536083482772465,50000.0,50000.0,1000.0,0.0,0.23192975943506863,4.638595188701373e-06,0.0008455689961905932,0.0008455689961905932,0.0010398756454904402,0.0014791968411169455,0.008442144725246691,1.0,naive_coverage_vs_estimated_reference_not_true_coverage,607.1955993428996,1.0,0.9803921568627451,0.8507839077945747,0.007554131999995661,0.007599577199994201,0.00011026425524386532,0.3891741989999673,0.38977768099998683,0.0016011417177598595,0.007554131999995661,0.007599577199994201,0.00011026425524386532,0.0,0.0,0.0,NA,NA,NA,0.3891741989999673,0.38977768099998683,0.0016011417177598595,0.3969283249999762,0.39737725819998104,0.001620241469036807
maturity_long,MC,5,0,,8.736426159424484,8.73860761728546,0.023611739063076176,0.010559490722405104,0.05305559441401037,50000.0,50000.0,0.0,0.0,140.74600825693545,0.0028149201651387094,0.0034298565841037743,0.0034298565841037743,0.018759597967251553,0.02139568399125757,0.20797793010291982,1.0,naive_coverage_vs_estimated_reference_not_true_coverage,1.0,0.0016480490502856465,1.0,1.0,0.0,0.0,0.0,0.33814031300005354,0.33808217660007356,0.00035889403285065076,0.0,0.0,0.0,0.0,0.0,0.0,NA,NA,NA,0.33814031300005354,0.33808217660007356,0.00035889403285065076,0.33814031300005354,0.33808217660007356,0.00035889403285065076
maturity_long,NCV_SCRATCH,5,0,,8.731689897369197,8.7318750902269,0.0006912400014682197,0.0003091319264099987,0.0011352067562363857,50000.0,50000.0,0.0,20000.0,0.0658189274603291,1.3163785492065818e-06,-0.001306405471183325,0.001306405471183325,0.0013064054711826145,0.0014453184586241527,0.004450010484445955,0.8,naive_coverage_vs_estimated_reference_not_true_coverage,2308.267461125266,3.823543563298991,0.7142857142857143,0.026325845279224637,12.475560706999886,12.51008002619992,0.1090987066983996,0.33247439699994175,0.33213540939998437,0.001486676898424392,0.0,0.0,0.0,12.475560706999886,12.51008002619992,0.1090987066983996,12.475560706999886,12.51008002619992,0.1090987066983996,0.33247439699994175,0.33213540939998437,0.001486676898424392,12.805792096999994,12.842215435599906,0.10842943806994804
maturity_long,NCV_TRANSFER_BETA,5,0,,8.732631146702602,8.733362626376882,0.001853598237326569,0.0008289543323271992,0.0018067678492996106,50000.0,50000.0,1000.0,0.0,0.16329363903451363,3.265872780690273e-06,-0.00036515613777865497,0.00036515613777865497,0.0012175446760082308,0.0016976454710257007,0.0070825299692543805,0.8,naive_coverage_vs_estimated_reference_not_true_coverage,863.3188435102928,1.4231034467466712,0.9803921568627451,0.025897830022454896,12.51538566000022,12.696669843600011,0.45045148592028894,0.35662836100004824,0.3577897889999804,0.0021232641059429295,0.008123698999952467,0.008125127000016618,2.9553335308618084e-05,0.0,0.0,0.0,NA,NA,NA,0.35662836100004824,0.3577897889999804,0.0021232641059429295,12.874728974000163,13.054459632599992,0.452144307877235
maturity_long,NCV_TRANSFER_BETA1,5,0,,8.733873654938115,8.735291044012355,0.006861477615463174,0.0030685460748537635,0.01739572783794901,50000.0,50000.0,0.0,0.0,15.131661083503952,0.00030263322167007906,0.0008773520977349847,0.0008773520977349847,0.005694207197750956,0.0061994876205539555,0.06819125312475975,1.0,naive_coverage_vs_estimated_reference_not_true_coverage,9.303704045685254,0.015334313864597727,1.0,0.025920250513411177,12.507258970000066,12.688544716599996,0.4504276374466335,0.35368667000011556,0.35462307320008224,0.002429695149759328,0.0,0.0,0.0,0.0,0.0,0.0,NA,NA,NA,0.35368667000011556,0.35462307320008224,0.002429695149759328,12.865822322000213,13.043167789800076,0.4508367340070005
maturity_short,AV,5,0,,3.8711693558320226,3.8734864771057445,0.01457053923955932,0.006516143241696547,0.012096297364334678,50000.0,100000.0,0.0,0.0,7.316197353710543,0.00014632394707421087,0.005681110844061088,0.005681110844061088,0.012108555288944878,0.014216733499919693,0.04741748566819197,0.8,naive_coverage_vs_estimated_reference_not_true_coverage,4.038776823105898,0.0014595880978229107,0.5,0.6840647468516003,0.0,0.0,0.0,0.49299489700001686,0.49442217619994155,0.002991005381438066,0.0,0.0,0.0,0.0,0.0,0.0,NA,NA,NA,0.49299489700001686,0.49442217619994155,0.002991005381438066,0.49299489700001686,0.49442217619994155,0.002991005381438066
maturity_short,GCV,5,0,,3.865728915970402,3.8657517210976815,0.0003088959123880428,0.0001381424516142966,0.0004620862756489533,50000.0,50000.0,1000.0,0.0,0.010676949629455751,2.1353899258911503e-07,0.0002406709824405162,0.0002406709824405162,0.00029527358173568884,0.00036640942883723785,0.001811378200543956,1.0,naive_coverage_vs_estimated_reference_not_true_coverage,2768.5018845974614,1.0,0.9803921568627451,0.8527199739331595,0.007606818999875031,0.00763875420000204,0.00013948169647746728,0.3892104039998685,0.3889941277999469,0.000859349518715474,0.007606818999875031,0.00763875420000204,0.00013948169647746728,0.0,0.0,0.0,NA,NA,NA,0.3892104039998685,0.3889941277999469,0.000859349518715474,0.39674918200000775,0.39663288199994895,0.0009533415793074941
maturity_short,MC,5,0,,3.8540824798546844,3.8360441878436227,0.03039840715665916,0.013594580962001196,0.024309149444867444,50000.0,50000.0,0.0,0.0,29.547536960671902,0.000590950739213438,-0.011405765133277068,0.011405765133277068,0.026623756086889206,0.029484606227743595,0.09529186582388043,1.0,naive_coverage_vs_estimated_reference_not_true_coverage,1.0,0.00036142410579349896,1.0,1.0,0.0,0.0,0.0,0.3378825150000466,0.33821678080003037,0.001337270772542402,0.0,0.0,0.0,0.0,0.0,0.0,NA,NA,NA,0.3378825150000466,0.33821678080003037,0.001337270772542402,0.3378825150000466,0.33821678080003037,0.001337270772542402
maturity_short,NCV_SCRATCH,5,0,,3.8658282757380253,3.8658335756107496,0.0005559468418310535,0.00024862698604211184,0.0004027472444775411,50000.0,50000.0,0.0,20000.0,0.00817199589863319,1.634399179726638e-07,0.00034003075006383554,0.00034003075006383554,0.0005205697838520429,0.0006023972308555142,0.0015787691983518925,0.8,naive_coverage_vs_estimated_reference_not_true_coverage,3723.1879378600242,1.3434916089954545,0.7142857142857143,0.026421891167565412,12.468787110999983,12.471347455999943,0.02552388323956748,0.32987316000003375,0.32927982139999584,0.00105289067576542,0.0,0.0,0.0,12.468787110999983,12.471347455999943,0.02552388323956748,12.468787110999983,12.471347455999943,0.02552388323956748,0.32987316000003375,0.32927982139999584,0.00105289067576542,12.796548110999993,12.80062727739994,0.025947923530183613
maturity_short,NCV_TRANSFER_BETA,5,0,,3.8657938109094627,3.8658459356618624,0.0008120924252171023,0.00036317877335962105,0.0005481010114701229,50000.0,50000.0,1000.0,0.0,0.015054793231461382,3.0109586462922763e-07,0.0003055659215012163,0.0003055659215012163,0.0007041530453823164,0.0007880138438243859,0.002148555964962817,0.8,naive_coverage_vs_estimated_reference_not_true_coverage,1981.1606743439222,0.7152927569380912,0.9803921568627451,0.025911572252288323,12.515316857000016,12.696759701199971,0.450582955879493,0.3552971100000377,0.3559712372000149,0.0014634508937234139,0.008057886999949915,0.00821498459997656,0.00022470609651506544,0.0,0.0,0.0,NA,NA,NA,0.3552971100000377,0.3559712372000149,0.0014634508937234139,12.870613967000054,13.052730938399986,0.45142749030845575
maturity_short,NCV_TRANSFER_BETA1,5,0,,3.8712144150458614,3.8779423079975404,0.013692494277516079,0.006123469597210564,0.011498713318293144,50000.0,50000.0,0.0,0.0,6.613005841700963,0.00013226011683401928,0.005726170057899882,0.005726170057899882,0.012282934206964935,0.0135194875333289,0.04507495620770925,1.0,naive_coverage_vs_estimated_reference_not_true_coverage,4.471956397358269,0.0016166978472760161,1.0,0.025933310154321917,12.507258970000066,12.688544716599996,0.4504276374466335,0.35289071100010005,0.3532451199999741,0.0014465527926747655,0.0,0.0,0.0,0.0,0.0,0.0,NA,NA,NA,0.35289071100010005,0.3532451199999741,0.0014465527926747655,12.860797091999984,13.04178983659997,0.44979588244942426
reference,AV,5,0,,5.77861238415237,5.775930198051424,0.012786433452031442,0.00571826687770392,0.01749405208447442,50000.0,100000.0,0.0,0.0,15.302378301887293,0.00030604756603774586,-0.003392518983988957,0.003392518983988957,0.010333835734285835,0.011929102623219653,0.06857668417113985,1.0,naive_coverage_vs_estimated_reference_not_true_coverage,4.168473372175874,0.0031595056399292775,0.5,0.6342233486109408,0.0,0.0,0.0,0.49324546000002556,0.4937071656000171,0.0025006352911056823,0.0,0.0,0.0,0.0,0.0,0.0,NA,NA,NA,0.49324546000002556,0.4937071656000171,0.0025006352911056823,0.49324546000002556,0.4937071656000171,0.0025006352911056823
reference,GCV,5,0,,5.782122209322126,5.782030944652604,0.0007460242079337066,0.0003336321683600411,0.0009833151099980426,50000.0,50000.0,1000.0,0.0,0.04834597267204577,9.669194534409153e-07,0.00011730618576688556,0.00011730618576688556,0.0005353933698680535,0.0006774971854389875,0.003854595231192448,1.0,naive_coverage_vs_estimated_reference_not_true_coverage,1319.346563852646,1.0,0.9803921568627451,0.7902431448834785,0.007653548000007504,0.007622128199977851,9.44425467051926e-05,0.38888708199988287,0.38861112459999275,0.0011212985518616683,0.007653548000007504,0.007622128199977851,9.44425467051926e-05,0.0,0.0,0.0,NA,NA,NA,0.38888708199988287,0.38861112459999275,0.0011212985518616683,0.39658175799991113,0.3962332527999706,0.0010960055276687305
reference,MC,5,0,,5.764163810387886,5.749062668661629,0.03571689439385537,0.01597308076196835,0.03571635768872015,50000.0,50000.0,0.0,0.0,63.78304695769874,0.0012756609391539747,-0.017841092748473564,0.017841092748473564,0.03295732183202027,0.03659046086855283,0.140008122139783,1.0,naive_coverage_vs_estimated_reference_not_true_coverage,1.0,0.0007579721444950677,1.0,1.0,0.0,0.0,0.0,0.3127601600000389,0.3131206118000591,0.0010241285896614549,0.0,0.0,0.0,0.0,0.0,0.0,NA,NA,NA,0.3127601600000389,0.3131206118000591,0.0010241285896614549,0.3127601600000389,0.3131206118000591,0.0010241285896614549
reference,NCV_SCRATCH,5,0,,5.781586437850323,5.781238254837526,0.0005840455983136684,0.00026119313195777983,0.0006466128459820273,50000.0,50000.0,0.0,20000.0,0.021250682908898744,4.2501365817797486e-07,-0.0004184652860361737,0.0004184652860361737,0.0005898707947904925,0.0006693284726834024,0.00253472235624983,1.0,naive_coverage_vs_estimated_reference_not_true_coverage,3199.3404798079164,2.4267084435757327,0.7142857142857143,0.02448310559692778,12.462586623999982,12.457812991000015,0.039537475285416054,0.33150317699983134,0.33143919599992844,0.0019191639079648517,0.0,0.0,0.0,12.462586623999982,12.457812991000015,0.039537475285416054,12.462586623999982,12.457812991000015,0.039537475285416054,0.33150317699983134,0.33143919599992844,0.0019191639079648517,12.793372906999934,12.789252186999942,0.04036068116569029
strike_high,AV,5,0,,0.5371235399238448,0.5382108883392053,0.010526584565716654,0.004707631731968508,0.007744240639054998,50000.0,100000.0,0.0,0.0,2.999117961658184,5.998235923316368e-05,0.0036990676719153015,0.0036990676719153015,0.009339495396043751,0.01011584340214677,0.030357423305095655,1.0,naive_coverage_vs_estimated_reference_not_true_coverage,2.094581245336967,0.010484912242003371,0.5,0.6865417961945863,0.0,0.0,0.0,0.4940021009999782,0.49409028099996705,0.0018222687424418699,0.0,0.0,0.0,0.0,0.0,0.0,NA,NA,NA,0.4940021009999782,0.49409028099996705,0.0018222687424418699,0.4940021009999782,0.49409028099996705,0.0018222687424418699
strike_high,GCV,5,0,,0.5340754739079564,0.5337750428173882,0.000796442181262555,0.0003561797714902564,0.0007927038525958394,50000.0,50000.0,1000.0,0.0,0.03142055553371141,6.284111106742281e-07,0.0006510016560269394,0.0006510016560269394,0.0006510016560269394,0.0009650177587097673,0.003107399102175723,0.8,naive_coverage_vs_estimated_reference_not_true_coverage,200.0191122173657,1.0,0.9803921568627451,0.8543786236537387,0.007608873999970456,0.007607169999937468,9.795879496778199e-05,0.38942187700013164,0.38942246020003496,0.0018163108426667654,0.007608873999970456,0.007607169999937468,9.795879496778199e-05,0.0,0.0,0.0,NA,NA,NA,0.38942187700013164,0.38942246020003496,0.0018163108426667654,0.39693053299993153,0.3970296301999724,0.0018193121831180774
strike_high,MC,5,0,,0.5367482748111115,0.5411340261822561,0.014359182224339719,0.006421621510986049,0.011207412499039844,50000.0,50000.0,0.0,0.0,6.281666338723876,0.00012563332677447753,0.0033238025591820763,0.0033238025591820763,0.011615126243868068,0.013266369313940433,0.04393305699623621,1.0,naive_coverage_vs_estimated_reference_not_true_coverage,1.0,0.005007732667548447,1.0,1.0,0.0,0.0,0.0,0.33864162800000486,0.3392136290000053,0.0018418482618860637,0.0,0.0,0.0,0.0,0.0,0.0,NA,NA,NA,0.33864162800000486,0.3392136290000053,0.0018418482618860637,0.33864162800000486,0.3392136290000053,0.0018418482618860637
strike_high,NCV_SCRATCH,5,0,,0.5340320647401584,0.5336825739191982,0.0006672824172112923,0.00029841776901496503,0.0007742351150601923,50000.0,50000.0,0.0,20000.0,0.03030971571487742,6.061943142975483e-07,0.0006075924882289474,0.0006075924882289474,0.000607592488228903,0.0008516931907721616,0.0030350016510359624,0.8,naive_coverage_vs_estimated_reference_not_true_coverage,215.86804767788726,1.0851310310403468,0.7142857142857143,0.02651633811754807,12.45569784700001,12.462184939199982,0.03167818812091521,0.33051650999993853,0.33044228919998203,0.0007793653919811132,0.0,0.0,0.0,12.45569784700001,12.462184939199982,0.03167818812091521,12.45569784700001,12.462184939199982,0.03167818812091521,0.33051650999993853,0.33044228919998203,0.0007793653919811132,12.785174411000071,12.792627228399965,0.03147552071223837
strike_high,NCV_TRANSFER_BETA,5,0,,0.5339405799897401,0.5353962626169125,0.01449133398248807,0.006480721573899214,0.00825802888427607,50000.0,50000.0,1000.0,0.0,3.4101326860694807,6.820265372138961e-05,0.0005161077378106338,0.0005161077378106338,0.009654053014315078,0.012971714446079934,0.032371473226362205,0.6,naive_coverage_vs_estimated_reference_not_true_coverage,1.8417838162530504,0.009220360850398499,0.9803921568627451,0.025989215880275668,12.515419677000182,12.696673365200036,0.45046291958066853,0.354927631999999,0.35541833939998924,0.0010369577093949306,0.008140840999999455,0.008128648600040833,5.373640642022513e-05,0.0,0.0,0.0,NA,NA,NA,0.354927631999999,0.35541833939998924,0.0010369577093949306,12.869982765000259,13.052091704600025,0.4508062674555448
strike_high,NCV_TRANSFER_BETA1,5,0,,0.5236606307690924,0.5240335741201526,0.019896558018866056,0.00889801124969061,0.029371856124632546,50000.0,50000.0,0.0,0.0,43.13642873031006,0.000862728574606201,-0.009763841482837043,0.009763841482837043,0.01731052369742936,0.020298547172161154,0.11513767600855955,1.0,naive_coverage_vs_estimated_reference_not_true_coverage,0.14562878400129034,0.000728459388697198,1.0,0.026007518796889294,12.507258970000066,12.688544716599996,0.4504276374466335,0.35440515300001607,0.354361515599976,0.002219840972925875,0.0,0.0,0.0,0.0,0.0,0.0,NA,NA,NA,0.35440515300001607,0.354361515599976,0.002219840972925875,12.858941439000091,13.042906232199972,0.45227780075864216
strike_low,AV,5,0,,21.49890817607515,21.497737698534568,0.005236297517169983,0.0023417434397610907,0.006244775602693423,50000.0,100000.0,0.0,0.0,1.9500373558048298,3.9000747116096595e-05,-0.0023159019331586705,0.0023159019331586705,0.004750283766398411,0.005224791968553819,0.02447952036255998,1.0,naive_coverage_vs_estimated_reference_not_true_coverage,65.40748619350795,0.04351187718123496,0.5,0.6756601927033146,0.0,0.0,0.0,0.49767760999998245,0.5012069253999926,0.010651800930599177,0.0,0.0,0.0,0.0,0.0,0.0,NA,NA,NA,0.49767760999998245,0.5012069253999926,0.010651800930599177,0.49767760999998245,0.5012069253999926,0.010651800930599177
strike_low,GCV,5,0,,21.50233166538777,21.502573735044404,0.0006002516535892615,0.00026844070020644886,0.001302392291246947,50000.0,50000.0,1000.0,0.0,0.08481673247252508,1.6963346494505016e-06,0.0011075873794617053,0.0011075873794617053,0.0011075873794609947,0.0012308498857499187,0.005105377781688958,1.0,naive_coverage_vs_estimated_reference_not_true_coverage,1503.6618052307538,1.0,0.9803921568627451,0.8452652155898507,0.007582995999996456,0.0076162556000099356,0.0001003989445300395,0.3908695400000397,0.39302198380000847,0.005433381161493472,0.007582995999996456,0.0076162556000099356,0.0001003989445300395,0.0,0.0,0.0,NA,NA,NA,0.3908695400000397,0.39302198380000847,0.005433381161493472,0.39841241900001023,0.4006382394000184,0.0053798070760289
strike_low,MC,5,0,,21.46575552570397,21.427049233990488,0.07902149898774037,0.03533948868410366,0.0504982191017294,50000.0,50000.0,0.0,0.0,127.50433895427277,0.0025500867790854555,-0.03546855230434076,0.03546855230434076,0.07704973941016462,0.07907930225021854,0.19795301887878053,0.8,naive_coverage_vs_estimated_reference_not_true_coverage,1.0,0.0006652175770358026,1.0,1.0,0.0,0.0,0.0,0.33831341199993403,0.3386455677999948,0.0015813561595615713,0.0,0.0,0.0,0.0,0.0,0.0,NA,NA,NA,0.33831341199993403,0.3386455677999948,0.0015813561595615713,0.33831341199993403,0.3386455677999948,0.0015813561595615713
strike_low,NCV_SCRATCH,5,0,,21.50257807484313,21.50178670658852,0.0027498111400098514,0.0012297529268696437,0.0022143005317488656,50000.0,50000.0,0.0,20000.0,0.25604737491004187,5.120947498200837e-06,0.0013539968348190712,0.0013539968348190712,0.002135730916652534,0.0028075748384101956,0.008680058084455312,1.0,naive_coverage_vs_estimated_reference_not_true_coverage,583.8015624220117,0.3894433358470416,0.7142857142857143,0.02645209349404939,12.482694616000003,12.471596550600065,0.030086004532065044,0.33121696099999554,0.33062524240001495,0.0021475013160447394,0.0,0.0,0.0,12.482694616000003,12.471596550600065,0.030086004532065044,12.482694616000003,12.471596550600065,0.030086004532065044,0.33121696099999554,0.33062524240001495,0.0021475013160447394,12.815858238000033,12.802221793000081,0.030162986860847535
strike_low,NCV_TRANSFER_BETA,5,0,,21.50683003321906,21.507361672556502,0.030029061192113172,0.013429404425213185,0.020062075306506222,50000.0,50000.0,1000.0,0.0,20.124987868686766,0.0004024997573737353,0.0056059552107505795,0.0056059552107505795,0.02218614512454451,0.0274376082537942,0.07864333520150382,0.8,naive_coverage_vs_estimated_reference_not_true_coverage,6.336374395851647,0.004215653329516848,0.9803921568627451,0.025945546783184267,12.515396565000174,12.696667270600027,0.4504188519181423,0.3547089290000258,0.3554981213999781,0.001521640574176552,0.008110669999950915,0.008122554000033233,6.142458622546211e-05,0.0,0.0,0.0,NA,NA,NA,0.3547089290000258,0.3554981213999781,0.001521640574176552,12.8701054940002,13.052165392000006,0.4513055885819525
strike_low,NCV_TRANSFER_BETA1,5,0,,21.49714550752114,21.48725601469882,0.03805834516484666,0.01702020937994951,0.022746392109030806,50000.0,50000.0,0.0,0.0,25.871661371959615,0.0005174332274391923,-0.004078570487170197,0.004078570487170197,0.027256524640561962,0.034283886106567546,0.08916585706740107,0.6,naive_coverage_vs_estimated_reference_not_true_coverage,4.92958429453739,0.0032799393756388754,1.0,0.025965921088044002,12.507258970000066,12.688544716599996,0.4504276374466335,0.3530961180001668,0.3533792210000456,0.0012290990611277062,0.0,0.0,0.0,0.0,0.0,0.0,NA,NA,NA,0.3530961180001668,0.3533792210000456,0.0012290990611277062,12.859628824000083,13.04192393760004,0.4514453912343023
volatility_high,AV,5,0,,12.330721829184762,12.32420437809442,0.02838264644254497,0.012693105365374626,0.054749449379560354,50000.0,100000.0,0.0,0.0,149.87612083215993,0.002997522416643199,-0.02531510171156448,0.02531510171156448,0.027462283098734375,0.0358512771032339,0.21461784156787686,1.0,naive_coverage_vs_estimated_reference_not_true_coverage,3.024826788882976,0.014730534710297612,0.5,0.6879080330572953,0.0,0.0,0.0,0.49567205199991804,0.4942091612000013,0.0036062679689857777,0.0,0.0,0.0,0.0,0.0,0.0,NA,NA,NA,0.49567205199991804,0.4942091612000013,0.0036062679689857777,0.49567205199991804,0.4942091612000013,0.0036062679689857777
volatility_high,GCV,5,0,,12.360823242417673,12.361749906361096,0.003445611276531378,0.0015409242076727973,0.0066446473025782,50000.0,50000.0,1000.0,0.0,2.2077573149004066,4.415514629800813e-05,0.004786311521346676,0.004786311521346676,0.004860301600548312,0.005692676666959707,0.02604701742610658,1.0,naive_coverage_vs_estimated_reference_not_true_coverage,205.45720651413814,1.0,0.9803921568627451,0.8532538897101114,0.007565422999959992,0.0075908441999217756,8.159793631673252e-05,0.3925365210000109,0.3908491232000415,0.003978349335875397,0.007565422999959992,0.0075908441999217756,8.159793631673252e-05,0.0,0.0,0.0,NA,NA,NA,0.3925365210000109,0.3908491232000415,0.003978349335875397,0.40021971799990297,0.3984399673999633,0.004012235084528354
volatility_high,MC,5,0,,12.320666931757597,12.413815643702042,0.22187193868112348,0.09922414743813142,0.09521753994530555,50000.0,50000.0,0.0,0.0,453.3465313440294,0.009066930626880588,-0.03536999913873018,0.03536999913873018,0.18088083692741463,0.201575699374627,0.3732527565855982,0.6,naive_coverage_vs_estimated_reference_not_true_coverage,1.0,0.004872149551454931,1.0,1.0,0.0,0.0,0.0,0.3390715909999926,0.33997045199998865,0.0021369717152619526,0.0,0.0,0.0,0.0,0.0,0.0,NA,NA,NA,0.3390715909999926,0.33997045199998865,0.0021369717152619526,0.3390715909999926,0.33997045199998865,0.0021369717152619526
volatility_high,NCV_SCRATCH,5,0,,12.359084966580667,12.359385997901285,0.0023804418191852744,0.0010645659448363072,0.0037915698045993336,50000.0,50000.0,0.0,20000.0,0.720612861171547,1.441225722343094e-05,0.003048035684340533,0.003048035684340533,0.003048035684340178,0.0037180269144577176,0.014862953634028741,1.0,naive_coverage_vs_estimated_reference_not_true_coverage,636.0633378688243,3.091164593493538,0.7142857142857143,0.026590226229714888,12.465220705999968,12.452426910200007,0.03893904118620372,0.3289829360001022,0.3331150052000112,0.00804394544325802,0.0,0.0,0.0,12.465220705999968,12.452426910200007,0.03893904118620372,12.465220705999968,12.452426910200007,0.03893904118620372,0.3289829360001022,0.3331150052000112,0.00804394544325802,12.81043826799987,12.785541915400017,0.04200509489543263
volatility_high,NCV_TRANSFER_BETA,5,0,,12.368040191304768,12.370492399558866,0.01627503730261131,0.00727841794899674,0.018802342618314136,50000.0,50000.0,1000.0,0.0,17.677938438773367,0.00035355876877546735,0.012003260408441463,0.012003260408441463,0.016085475890380962,0.018867425150082617,0.0737051830637924,1.0,naive_coverage_vs_estimated_reference_not_true_coverage,25.64689643669976,0.12494883691026712,0.9803921568627451,0.02604483163812123,12.515360267000005,12.696680538800024,0.45038413389781023,0.35648824499992315,0.35659838900005525,0.0017213652262719876,0.008108051000135674,0.008135822200028998,8.247909306587214e-05,0.0,0.0,0.0,NA,NA,NA,0.35648824499992315,0.35659838900005525,0.0017213652262719876,12.870240386000205,13.05327892780008,0.451924062824732
volatility_high,NCV_TRANSFER_BETA1,5,0,,12.338564827652883,12.393502098938928,0.13060682080208846,0.05840914592772068,0.06060309081921449,50000.0,50000.0,0.0,0.0,183.64874815632436,0.0036729749631264873,-0.017472103243443726,0.017472103243443726,0.1074164456383496,0.11811768582127154,0.23756411601132116,0.6,naive_coverage_vs_estimated_reference_not_true_coverage,2.4686064944383244,0.012026832954382356,1.0,0.026058481309985088,12.507258970000066,12.688544716599996,0.4504276374466335,0.3584622630000922,0.3578967838000608,0.0021342297472648685,0.0,0.0,0.0,0.0,0.0,0.0,NA,NA,NA,0.3584622630000922,0.3578967838000608,0.0021342297472648685,12.867282682000223,13.046441500400055,0.45069431416040834
volatility_low,AV,5,0,,3.646921218509685,3.6484280560030236,0.00884807475929723,0.003956979326357739,0.007493352990777714,50000.0,100000.0,0.0,0.0,2.8075693077435586,5.615138615487117e-05,-0.006913294008851434,0.006913294008851434,0.008284945926048693,0.010508300319733566,0.029373943723848762,0.8,naive_coverage_vs_estimated_reference_not_true_coverage,6.375883568543233,0.0013698933828634227,0.5,0.6859286237150047,0.0,0.0,0.0,0.494266664999941,0.4946989988000041,0.002616792547266426,0.0,0.0,0.0,0.0,0.0,0.0,NA,NA,NA,0.494266664999941,0.4946989988000041,0.002616792547266426,0.494266664999941,0.4946989988000041,0.002616792547266426
volatility_low,GCV,5,0,,3.653936459394634,3.653951310161599,0.00027193908230738054,0.00012161485475564264,0.00027734253115757065,50000.0,50000.0,1000.0,0.0,0.0038464110077998234,7.692822015599647e-08,0.00010194687609788033,0.00010194687609788033,0.00023535460705383925,0.0002637306526269265,0.0010871827221377473,1.0,naive_coverage_vs_estimated_reference_not_true_coverage,4655.542454104816,1.0,0.9803921568627451,0.8501070228605306,0.007579513000109728,0.0076044904000355015,0.0001531600394766849,0.3912468060000265,0.39155490279997596,0.0020047162205190164,0.007579513000109728,0.0076044904000355015,0.0001531600394766849,0.0,0.0,0.0,NA,NA,NA,0.3912468060000265,0.39155490279997596,0.0020047162205190164,0.3987458939999442,0.3991593932000114,0.002013314559131468
volatility_low,MC,5,0,,3.641697216624256,3.655141242575137,0.022705866276302656,0.010154372096366552,0.018920993446072135,50000.0,50000.0,0.0,0.0,17.900880776095608,0.00035801761552191216,-0.012137295894280253,0.012137295894280253,0.015668396448877343,0.023659227424224723,0.07417029430860271,0.8,naive_coverage_vs_estimated_reference_not_true_coverage,1.0,0.00021487643568754233,1.0,1.0,0.0,0.0,0.0,0.3394814260000203,0.33932820340007763,0.0008686890155774039,0.0,0.0,0.0,0.0,0.0,0.0,NA,NA,NA,0.3394814260000203,0.33932820340007763,0.0008686890155774039,0.3394814260000203,0.33932820340007763,0.0008686890155774039
volatility_low,NCV_SCRATCH,5,0,,3.6539574054922785,3.6539911739289552,0.0002851104461386256,0.00012750526773225185,0.00024644923379738443,50000.0,50000.0,0.0,20000.0,0.0031019366283069776,6.203873256613955e-08,0.00012289297374223906,0.00012289297374223906,0.0002571732314121,0.00028307782709552755,0.0009660809964858075,1.0,naive_coverage_vs_estimated_reference_not_true_coverage,6297.280479250784,1.3544609586754641,0.7142857142857143,0.02641622376527747,12.505634041000008,12.51358847299996,0.042709843823065224,0.3311608140000999,0.3318585680000524,0.0022736579260609954,0.0,0.0,0.0,12.505634041000008,12.51358847299996,0.042709843823065224,12.505634041000008,12.51358847299996,0.042709843823065224,0.3311608140000999,0.3318585680000524,0.0022736579260609954,12.834788600000024,12.84544704100001,0.04430168740067581
volatility_low,NCV_TRANSFER_BETA,5,0,,3.6538380582348844,3.6543284384241868,0.002897549974406067,0.0012958237421949483,0.0026770495534754676,50000.0,50000.0,1000.0,0.0,0.3583324950632489,7.166649901264977e-06,3.545716348085648e-06,3.545716348085648e-06,0.0023106230373026726,0.0025916499098930976,0.010494034249623852,1.0,naive_coverage_vs_estimated_reference_not_true_coverage,49.95646302409097,0.010734089332736136,0.9803921568627451,0.025997848125125535,12.515421171000071,12.696643083200001,0.4504546504885643,0.3550590249999459,0.3555219178000243,0.001486829968188449,0.008085999000059019,0.008098366600006558,5.214061806008459e-05,0.0,0.0,0.0,NA,NA,NA,0.3550590249999459,0.3555219178000243,0.001486829968188449,12.870480196000017,13.052165001000025,0.4508356723876285
volatility_low,NCV_TRANSFER_BETA1,5,0,,3.664949272445503,3.6549412381486475,0.02407357547403616,0.010766030244283315,0.017167105072103978,50000.0,50000.0,0.0,0.0,14.736071200846872,0.00029472142401693746,0.011114759926966755,0.011114759926966755,0.015688241930009637,0.024231539718255674,0.06729505188264753,0.8,naive_coverage_vs_estimated_reference_not_true_coverage,1.214855140742499,0.00026102693971224625,1.0,0.026013531542027107,12.507258970000066,12.688544716599996,0.4504276374466335,0.3545362820000264,0.3557512050000241,0.002974346402936052,0.0,0.0,0.0,0.0,0.0,0.0,NA,NA,NA,0.3545362820000264,0.3557512050000241,0.002974346402936052,12.867211378000093,13.04429592160002,0.4515218087008476
