replication,contract_id,method,phase,runtime_s,timing_repetition_index
0,reference,MC,pricing,0.06523790399990048,1
0,reference,AV,pricing,0.09908496700006708,1
0,reference,GCV,pilot,0.01179381499991905,1
0,reference,GCV,pricing,0.048632419999989907,1
0,strike_low,MC,pricing,0.06391434499994375,1
0,strike_low,AV,pricing,0.0986790800000108,1
0,strike_low,GCV,pilot,0.011807180000005246,1
0,strike_low,GCV,pricing,0.04845828600002733,1
0,strike_high,MC,pricing,0.06402709399992546,1
0,strike_high,AV,pricing,0.0985674820000213,1
0,strike_high,GCV,pilot,0.011751496999977462,1
0,strike_high,GCV,pricing,0.048672135000060734,1
0,volatility_low,MC,pricing,0.06400874999997086,1
0,volatility_low,AV,pricing,0.099356843999999,1
0,volatility_low,GCV,pilot,0.011912056000028315,1
0,volatility_low,GCV,pricing,0.04924688599999172,1
0,volatility_high,MC,pricing,0.06457178099992689,1
0,volatility_high,AV,pricing,0.09899054100003468,1
0,volatility_high,GCV,pilot,0.011690111999996589,1
0,volatility_high,GCV,pricing,0.0488269139999602,1
0,maturity_short,MC,pricing,0.06392707800000608,1
0,maturity_short,AV,pricing,0.0997899530000268,1
0,maturity_short,GCV,pilot,0.01193667200004711,1
0,maturity_short,GCV,pricing,0.048726075000104174,1
0,maturity_long,MC,pricing,0.06470533999993222,1
0,maturity_long,AV,pricing,0.10054193500002384,1
0,maturity_long,GCV,pilot,0.011962931000084609,1
0,maturity_long,GCV,pricing,0.0489676759999611,1
1,reference,MC,pricing,0.06498608300000797,1
1,reference,AV,pricing,0.10055297600001722,1
1,reference,GCV,pilot,0.011953273000017361,1
1,reference,GCV,pricing,0.05379434099995706,1
1,strike_low,MC,pricing,0.06580096400000457,1
1,strike_low,AV,pricing,0.09992119699995783,1
1,strike_low,GCV,pilot,0.011670716000026005,1
1,strike_low,GCV,pricing,0.051407908999976826,1
1,strike_high,MC,pricing,0.06396964700002172,1
1,strike_high,AV,pricing,0.09908782299999075,1
1,strike_high,GCV,pilot,0.011734313999909318,1
1,strike_high,GCV,pricing,0.048596403000033206,1
1,volatility_low,MC,pricing,0.06465021700000761,1
1,volatility_low,AV,pricing,0.09943659299995034,1
1,volatility_low,GCV,pilot,0.011755132999951456,1
1,volatility_low,GCV,pricing,0.04965863500001433,1
1,volatility_high,MC,pricing,0.06422390200009431,1
1,volatility_high,AV,pricing,0.09936123199997837,1
1,volatility_high,GCV,pilot,0.011850991999949656,1
1,volatility_high,GCV,pricing,0.048469816999954674,1
1,maturity_short,MC,pricing,0.06389213299996754,1
1,maturity_short,AV,pricing,0.09959600100000898,1
1,maturity_short,GCV,pilot,0.011787223999931484,1
1,maturity_short,GCV,pricing,0.049029701999984354,1
1,maturity_long,MC,pricing,0.06435492599996451,1
1,maturity_long,AV,pricing,0.09963989200002743,1
1,maturity_long,GCV,pilot,0.011727812000003723,1
1,maturity_long,GCV,pricing,0.0488675990000047,1
2,reference,MC,pricing,0.06425029100000756,1
2,reference,AV,pricing,0.09916127899998628,1
2,reference,GCV,pilot,0.011667760000023009,1
2,reference,GCV,pricing,0.0481811590000234,1
2,strike_low,MC,pricing,0.06392219899998963,1
2,strike_low,AV,pricing,0.09921066100002918,1
2,strike_low,GCV,pilot,0.011567843999955585,1
2,strike_low,GCV,pricing,0.048269203000018024,1
2,strike_high,MC,pricing,0.06375850299991725,1
2,strike_high,AV,pricing,0.0983175650000021,1
2,strike_high,GCV,pilot,0.011633876000018972,1
2,strike_high,GCV,pricing,0.04842166699995687,1
2,volatility_low,MC,pricing,0.0636984410000423,1
2,volatility_low,AV,pricing,0.09906156300007751,1
2,volatility_low,GCV,pilot,0.01170431900004587,1
2,volatility_low,GCV,pricing,0.04866662400002042,1
2,volatility_high,MC,pricing,0.06396052000002328,1
2,volatility_high,AV,pricing,0.09845983999991859,1
2,volatility_high,GCV,pilot,0.011704118000011476,1
2,volatility_high,GCV,pricing,0.0483810910000102,1
2,maturity_short,MC,pricing,0.06364093399997728,1
2,maturity_short,AV,pricing,0.09856878400000824,1
2,maturity_short,GCV,pilot,0.011671977999981209,1
2,maturity_short,GCV,pricing,0.048168013000008614,1
2,maturity_long,MC,pricing,0.06382374500003607,1
2,maturity_long,AV,pricing,0.09905559200001335,1
2,maturity_long,GCV,pilot,0.011721320999981799,1
2,maturity_long,GCV,pricing,0.04859513099995638,1
3,reference,MC,pricing,0.06400229799999124,1
3,reference,AV,pricing,0.09830869899997197,1
3,reference,GCV,pilot,0.011668652000025759,1
3,reference,GCV,pricing,0.04856912200000352,1
3,strike_low,MC,pricing,0.06660837999993419,1
3,strike_low,AV,pricing,0.10063857600005122,1
3,strike_low,GCV,pilot,0.011658132999968984,1
3,strike_low,GCV,pricing,0.04840697999998156,1
3,strike_high,MC,pricing,0.06415887100001783,1
3,strike_high,AV,pricing,0.09834940400003234,1
3,strike_high,GCV,pilot,0.01154732600002717,1
3,strike_high,GCV,pricing,0.04848771100000704,1
3,volatility_low,MC,pricing,0.06417678399998294,1
3,volatility_low,AV,pricing,0.09841831300002468,1
3,volatility_low,GCV,pilot,0.011524724000082642,1
3,volatility_low,GCV,pricing,0.04846854400000211,1
3,volatility_high,MC,pricing,0.06381477800005086,1
3,volatility_high,AV,pricing,0.09903017499993894,1
3,volatility_high,GCV,pilot,0.011790198999960921,1
3,volatility_high,GCV,pricing,0.04872548399998777,1
3,maturity_short,MC,pricing,0.06410635200006709,1
3,maturity_short,AV,pricing,0.09934116499994161,1
3,maturity_short,GCV,pilot,0.012091430999930708,1
3,maturity_short,GCV,pricing,0.04842300600000726,1
3,maturity_long,MC,pricing,0.06442518300002575,1
3,maturity_long,AV,pricing,0.09890860999996676,1
3,maturity_long,GCV,pilot,0.011806090000050062,1
3,maturity_long,GCV,pricing,0.048400335999986055,1
4,reference,MC,pricing,0.06492684099998769,1
4,reference,AV,pricing,0.09930088399994474,1
4,reference,GCV,pilot,0.01164342700008092,1
4,reference,GCV,pricing,0.048740890999965814,1
4,strike_low,MC,pricing,0.06396627000003718,1
4,strike_low,AV,pricing,0.10127927500002443,1
4,strike_low,GCV,pilot,0.011896609000018543,1
4,strike_low,GCV,pricing,0.048472842000023775,1
4,strike_high,MC,pricing,0.0643737189999456,1
4,strike_high,AV,pricing,0.09868925399996442,1
4,strike_high,GCV,pilot,0.01180868599999485,1
4,strike_high,GCV,pricing,0.049323828000069625,1
4,volatility_low,MC,pricing,0.06382283099992492,1
4,volatility_low,AV,pricing,0.09960042300008354,1
4,volatility_low,GCV,pilot,0.011730649999890375,1
4,volatility_low,GCV,pricing,0.049008299999968585,1
4,volatility_high,MC,pricing,0.06434056800003418,1
4,volatility_high,AV,pricing,0.09917606199996953,1
4,volatility_high,GCV,pilot,0.011785563000103139,1
4,volatility_high,GCV,pricing,0.04848040599995329,1
4,maturity_short,MC,pricing,0.06397487599997476,1
4,maturity_short,AV,pricing,0.09965424400002121,1
4,maturity_short,GCV,pilot,0.012036060000014004,1
4,maturity_short,GCV,pricing,0.049306386000012026,1
4,maturity_long,MC,pricing,0.06383409300008225,1
4,maturity_long,AV,pricing,0.09918188300002839,1
4,maturity_long,GCV,pilot,0.011878085000034844,1
4,maturity_long,GCV,pricing,0.050909065000041664,1
5,reference,MC,pricing,0.06447901500007447,1
5,reference,AV,pricing,0.100618471999951,1
5,reference,GCV,pilot,0.011884906999966915,1
5,reference,GCV,pricing,0.04850721499997235,1
5,strike_low,MC,pricing,0.0657837590000554,1
5,strike_low,AV,pricing,0.10004703699996753,1
5,strike_low,GCV,pilot,0.012181831000020793,1
5,strike_low,GCV,pricing,0.04899284099997203,1
5,strike_high,MC,pricing,0.0646716749999996,1
5,strike_high,AV,pricing,0.09918577999997069,1
5,strike_high,GCV,pilot,0.011560072000065702,1
5,strike_high,GCV,pricing,0.048986129000013534,1
5,volatility_low,MC,pricing,0.06404160899990075,1
5,volatility_low,AV,pricing,0.09949353399997563,1
5,volatility_low,GCV,pilot,0.012018216000001303,1
5,volatility_low,GCV,pricing,0.051261432000046625,1
5,volatility_high,MC,pricing,0.06502807900005791,1
5,volatility_high,AV,pricing,0.09959331999993992,1
5,volatility_high,GCV,pilot,0.011899814999992486,1
5,volatility_high,GCV,pricing,0.04958816199996363,1
5,maturity_short,MC,pricing,0.0655402250000634,1
5,maturity_short,AV,pricing,0.09971397599997545,1
5,maturity_short,GCV,pilot,0.011809737000021414,1
5,maturity_short,GCV,pricing,0.049896565999915765,1
5,maturity_long,MC,pricing,0.06454513899996073,1
5,maturity_long,AV,pricing,0.09952469200004543,1
5,maturity_long,GCV,pilot,0.011993900999982543,1
5,maturity_long,GCV,pricing,0.05002207100005762,1
6,reference,MC,pricing,0.06476068099993881,1
6,reference,AV,pricing,0.10093318999997791,1
6,reference,GCV,pilot,0.011929020000025048,1
6,reference,GCV,pricing,0.048696678999931464,1
6,strike_low,MC,pricing,0.06422325799996997,1
6,strike_low,AV,pricing,0.09955308500002502,1
6,strike_low,GCV,pilot,0.011787846000061108,1
6,strike_low,GCV,pricing,0.04944875199998933,1
6,strike_high,MC,pricing,0.06435820000001513,1
6,strike_high,AV,pricing,0.09933286399996177,1
6,strike_high,GCV,pilot,0.011710152000091512,1
6,strike_high,GCV,pricing,0.04876372399996853,1
6,volatility_low,MC,pricing,0.0643729370000301,1
6,volatility_low,AV,pricing,0.10025225900005807,1
6,volatility_low,GCV,pilot,0.01197647899994081,1
6,volatility_low,GCV,pricing,0.04893089500001224,1
6,volatility_high,MC,pricing,0.06430396899997959,1
6,volatility_high,AV,pricing,0.1002622580000434,1
6,volatility_high,GCV,pilot,0.011797875999945973,1
6,volatility_high,GCV,pricing,0.05082992799998465,1
6,maturity_short,MC,pricing,0.06404194000003827,1
6,maturity_short,AV,pricing,0.0991988839999749,1
6,maturity_short,GCV,pilot,0.011783928999989257,1
6,maturity_short,GCV,pricing,0.048912711000070885,1
6,maturity_long,MC,pricing,0.06414025300000503,1
6,maturity_long,AV,pricing,0.09961504099999274,1
6,maturity_long,GCV,pilot,0.01212596699997448,1
6,maturity_long,GCV,pricing,0.049798494000015125,1
7,reference,MC,pricing,0.06555114500008585,1
7,reference,AV,pricing,0.09968865799999094,1
7,reference,GCV,pilot,0.011906939000027705,1
7,reference,GCV,pricing,0.04888939799991476,1
7,strike_low,MC,pricing,0.06393396800001483,1
7,strike_low,AV,pricing,0.0992465640000546,1
7,strike_low,GCV,pilot,0.011933257999999114,1
7,strike_low,GCV,pricing,0.04948337600001196,1
7,strike_high,MC,pricing,0.065013442999998,1
7,strike_high,AV,pricing,0.09985622099998182,1
7,strike_high,GCV,pilot,0.011946622999971623,1
7,strike_high,GCV,pricing,0.04909449100000529,1
7,volatility_low,MC,pricing,0.0642029209999464,1
7,volatility_low,AV,pricing,0.09937602500008325,1
7,volatility_low,GCV,pilot,0.011867385000073227,1
7,volatility_low,GCV,pricing,0.0485779470000125,1
7,volatility_high,MC,pricing,0.06404938500008939,1
7,volatility_high,AV,pricing,0.09912764199998492,1
7,volatility_high,GCV,pilot,0.01184547399998337,1
7,volatility_high,GCV,pricing,0.04889926700002434,1
7,maturity_short,MC,pricing,0.06428701799995906,1
7,maturity_short,AV,pricing,0.10024301199996444,1
7,maturity_short,GCV,pilot,0.011971209000080307,1
7,maturity_short,GCV,pricing,0.04912401499996122,1
7,maturity_long,MC,pricing,0.06431001099997502,1
7,maturity_long,AV,pricing,0.09889548800003922,1
7,maturity_long,GCV,pilot,0.011848771000018132,1
7,maturity_long,GCV,pricing,0.049065766000012445,1
8,reference,MC,pricing,0.06388271299999815,1
8,reference,AV,pricing,0.09908528300002217,1
8,reference,GCV,pilot,0.012464588999932857,1
8,reference,GCV,pricing,0.049314289999983885,1
8,strike_low,MC,pricing,0.06444662499995957,1
8,strike_low,AV,pricing,0.09870263900006648,1
8,strike_low,GCV,pilot,0.01173864500003674,1
8,strike_low,GCV,pricing,0.04848223599992707,1
8,strike_high,MC,pricing,0.0639449909999712,1
8,strike_high,AV,pricing,0.0991819769999438,1
8,strike_high,GCV,pilot,0.011771952000003694,1
8,strike_high,GCV,pricing,0.048783176000029016,1
8,volatility_low,MC,pricing,0.06435068899997987,1
8,volatility_low,AV,pricing,0.09870569899999282,1
8,volatility_low,GCV,pilot,0.011741333000031773,1
8,volatility_low,GCV,pricing,0.04876510299993697,1
8,volatility_high,MC,pricing,0.06383745099992666,1
8,volatility_high,AV,pricing,0.0988206629999695,1
8,volatility_high,GCV,pilot,0.011674469000013232,1
8,volatility_high,GCV,pricing,0.048743814000090424,1
8,maturity_short,MC,pricing,0.06398144900003899,1
8,maturity_short,AV,pricing,0.09902293000004647,1
8,maturity_short,GCV,pilot,0.01152806600009626,1
8,maturity_short,GCV,pricing,0.048707646000025306,1
8,maturity_long,MC,pricing,0.0640662580000253,1
8,maturity_long,AV,pricing,0.1003884479999897,1
8,maturity_long,GCV,pilot,0.011419673999967017,1
8,maturity_long,GCV,pricing,0.04845755899998494,1
9,reference,MC,pricing,0.0638890769999989,1
9,reference,AV,pricing,0.09972228399999494,1
9,reference,GCV,pilot,0.011934373999906711,1
9,reference,GCV,pricing,0.049646988000063175,1
9,strike_low,MC,pricing,0.0655542740000783,1
9,strike_low,AV,pricing,0.09936615100002655,1
9,strike_low,GCV,pilot,0.012142972999981794,1
9,strike_low,GCV,pricing,0.04912151700000322,1
9,strike_high,MC,pricing,0.06502167100006773,1
9,strike_high,AV,pricing,0.09956804800003738,1
9,strike_high,GCV,pilot,0.011647557999935998,1
9,strike_high,GCV,pricing,0.048952823000036005,1
9,volatility_low,MC,pricing,0.06415413199999875,1
9,volatility_low,AV,pricing,0.09836583399999199,1
9,volatility_low,GCV,pilot,0.01135898100005761,1
9,volatility_low,GCV,pricing,0.048437712000009014,1
9,volatility_high,MC,pricing,0.0641381509999519,1
9,volatility_high,AV,pricing,0.10069120200000725,1
9,volatility_high,GCV,pilot,0.0122000390000494,1
9,volatility_high,GCV,pricing,0.048819003000062366,1
9,maturity_short,MC,pricing,0.06464765199996236,1
9,maturity_short,AV,pricing,0.09991910299993378,1
9,maturity_short,GCV,pilot,0.012067531999946368,1
9,maturity_short,GCV,pricing,0.04989169399993898,1
9,maturity_long,MC,pricing,0.06446008199998232,1
9,maturity_long,AV,pricing,0.10001855799998793,1
9,maturity_long,GCV,pilot,0.012146289999918736,1
9,maturity_long,GCV,pricing,0.04901236399996378,1
10,reference,MC,pricing,0.06508909499996207,1
10,reference,AV,pricing,0.10044033500003025,1
10,reference,GCV,pilot,0.011973387000011826,1
10,reference,GCV,pricing,0.049394547000019884,1
10,strike_low,MC,pricing,0.06452865999995083,1
10,strike_low,AV,pricing,0.1005644569999049,1
10,strike_low,GCV,pilot,0.012120972000047914,1
10,strike_low,GCV,pricing,0.04891596499999196,1
10,strike_high,MC,pricing,0.06504018400005407,1
10,strike_high,AV,pricing,0.10404011000002811,1
10,strike_high,GCV,pilot,0.011916309999946861,1
10,strike_high,GCV,pricing,0.05010784799992507,1
10,volatility_low,MC,pricing,0.06429300100001001,1
10,volatility_low,AV,pricing,0.09900348400003622,1
10,volatility_low,GCV,pilot,0.0117031219999717,1
10,volatility_low,GCV,pricing,0.049524249000000964,1
10,volatility_high,MC,pricing,0.06471914600001583,1
10,volatility_high,AV,pricing,0.10086190100003023,1
10,volatility_high,GCV,pilot,0.011824508999893624,1
10,volatility_high,GCV,pricing,0.05009842000004028,1
10,maturity_short,MC,pricing,0.06444930300006035,1
10,maturity_short,AV,pricing,0.09927088299991738,1
10,maturity_short,GCV,pilot,0.011846569999988787,1
10,maturity_short,GCV,pricing,0.04964107699993292,1
10,maturity_long,MC,pricing,0.0646910329999173,1
10,maturity_long,AV,pricing,0.10018006899997545,1
10,maturity_long,GCV,pilot,0.011910258999932921,1
10,maturity_long,GCV,pricing,0.04947239199998421,1
11,reference,MC,pricing,0.06453777700005503,1
11,reference,AV,pricing,0.1000009949999594,1
11,reference,GCV,pilot,0.012096195999902193,1
11,reference,GCV,pricing,0.049871237000047586,1
11,strike_low,MC,pricing,0.06462862599994423,1
11,strike_low,AV,pricing,0.0997452379999686,1
11,strike_low,GCV,pilot,0.012020994999943468,1
11,strike_low,GCV,pricing,0.04948971500004973,1
11,strike_high,MC,pricing,0.06428659800008063,1
11,strike_high,AV,pricing,0.10002260599992496,1
11,strike_high,GCV,pilot,0.012046352999959709,1
11,strike_high,GCV,pricing,0.04927666699995825,1
11,volatility_low,MC,pricing,0.0646583320000218,1
11,volatility_low,AV,pricing,0.09972943800005396,1
11,volatility_low,GCV,pilot,0.011923333000027014,1
11,volatility_low,GCV,pricing,0.04911617799996293,1
11,volatility_high,MC,pricing,0.06428070800006935,1
11,volatility_high,AV,pricing,0.09995470899991687,1
11,volatility_high,GCV,pilot,0.012200681000081204,1
11,volatility_high,GCV,pricing,0.049189193999950476,1
11,maturity_short,MC,pricing,0.06405176999999185,1
11,maturity_short,AV,pricing,0.0998530589999973,1
11,maturity_short,GCV,pilot,0.011873981000007916,1
11,maturity_short,GCV,pricing,0.05107795799995074,1
11,maturity_long,MC,pricing,0.06453260700004648,1
11,maturity_long,AV,pricing,0.09999607600002491,1
11,maturity_long,GCV,pilot,0.012061721999998554,1
11,maturity_long,GCV,pricing,0.05009724800004278,1
12,reference,MC,pricing,0.06498640400002387,1
12,reference,AV,pricing,0.10072551600001134,1
12,reference,GCV,pilot,0.011864494000064951,1
12,reference,GCV,pricing,0.04914076300008219,1
12,strike_low,MC,pricing,0.06496628699994744,1
12,strike_low,AV,pricing,0.09980565000000752,1
12,strike_low,GCV,pilot,0.011890010999991318,1
12,strike_low,GCV,pricing,0.04978673900006925,1
12,strike_high,MC,pricing,0.06613114999993286,1
12,strike_high,AV,pricing,0.09943642199993974,1
12,strike_high,GCV,pilot,0.011838304999969296,1
12,strike_high,GCV,pricing,0.048884885999996186,1
12,volatility_low,MC,pricing,0.0639905960000533,1
12,volatility_low,AV,pricing,0.10012681899991094,1
12,volatility_low,GCV,pilot,0.011904708999963987,1
12,volatility_low,GCV,pricing,0.050715868999986924,1
12,volatility_high,MC,pricing,0.06404241799998545,1
12,volatility_high,AV,pricing,0.09984856599999148,1
12,volatility_high,GCV,pilot,0.012144623999915893,1
12,volatility_high,GCV,pricing,0.04984712899999977,1
12,maturity_short,MC,pricing,0.06425670700002684,1
12,maturity_short,AV,pricing,0.09936503400001584,1
12,maturity_short,GCV,pilot,0.012123032999966199,1
12,maturity_short,GCV,pricing,0.04863603000001149,1
12,maturity_long,MC,pricing,0.06445521699993151,1
12,maturity_long,AV,pricing,0.0991732160000538,1
12,maturity_long,GCV,pilot,0.012059214000032625,1
12,maturity_long,GCV,pricing,0.0490105979999953,1
13,reference,MC,pricing,0.06486324799993781,1
13,reference,AV,pricing,0.09901566200005618,1
13,reference,GCV,pilot,0.011721373999989737,1
13,reference,GCV,pricing,0.048106932999985474,1
13,strike_low,MC,pricing,0.06368378800004848,1
13,strike_low,AV,pricing,0.09927272200002335,1
13,strike_low,GCV,pilot,0.011685607000003984,1
13,strike_low,GCV,pricing,0.048987746000079824,1
13,strike_high,MC,pricing,0.06507651600009012,1
13,strike_high,AV,pricing,0.09882157000004099,1
13,strike_high,GCV,pilot,0.011783320000063213,1
13,strike_high,GCV,pricing,0.04872061800006122,1
13,volatility_low,MC,pricing,0.06400708200010286,1
13,volatility_low,AV,pricing,0.09908492199997454,1
13,volatility_low,GCV,pilot,0.011812473999953,1
13,volatility_low,GCV,pricing,0.048670103999938874,1
13,volatility_high,MC,pricing,0.06425258900003428,1
13,volatility_high,AV,pricing,0.09859629000004588,1
13,volatility_high,GCV,pilot,0.011701155999958246,1
13,volatility_high,GCV,pricing,0.04895721900004446,1
13,maturity_short,MC,pricing,0.0641530130000092,1
13,maturity_short,AV,pricing,0.10004313899992212,1
13,maturity_short,GCV,pilot,0.012141548000045077,1
13,maturity_short,GCV,pricing,0.0487301649999381,1
13,maturity_long,MC,pricing,0.06414867599994523,1
13,maturity_long,AV,pricing,0.09883779100005086,1
13,maturity_long,GCV,pilot,0.011677591999955439,1
13,maturity_long,GCV,pricing,0.04870378600003278,1
14,reference,MC,pricing,0.06400484799996775,1
14,reference,AV,pricing,0.09932393799999772,1
14,reference,GCV,pilot,0.01174243299999489,1
14,reference,GCV,pricing,0.04923202199995558,1
14,strike_low,MC,pricing,0.06471521200001007,1
14,strike_low,AV,pricing,0.09938144499994905,1
14,strike_low,GCV,pilot,0.011538642000004984,1
14,strike_low,GCV,pricing,0.04866343100002268,1
14,strike_high,MC,pricing,0.06393090900007792,1
14,strike_high,AV,pricing,0.0992018189999726,1
14,strike_high,GCV,pilot,0.011874328999965655,1
14,strike_high,GCV,pricing,0.05069111400007387,1
14,volatility_low,MC,pricing,0.06423242099992876,1
14,volatility_low,AV,pricing,0.09970115099997656,1
14,volatility_low,GCV,pilot,0.011737494000044535,1
14,volatility_low,GCV,pricing,0.04887127800009239,1
14,volatility_high,MC,pricing,0.06849036400001296,1
14,volatility_high,AV,pricing,0.10635764400001335,1
14,volatility_high,GCV,pilot,0.011831779999965875,1
14,volatility_high,GCV,pricing,0.04951281600006041,1
14,maturity_short,MC,pricing,0.06412049200002912,1
14,maturity_short,AV,pricing,0.09913868199998888,1
14,maturity_short,GCV,pilot,0.011487407000004168,1
14,maturity_short,GCV,pricing,0.04852378099997168,1
14,maturity_long,MC,pricing,0.06458361700003934,1
14,maturity_long,AV,pricing,0.10157607799999369,1
14,maturity_long,GCV,pilot,0.01199565599995367,1
14,maturity_long,GCV,pricing,0.0494176280000147,1
15,reference,MC,pricing,0.06554937800001426,1
15,reference,AV,pricing,0.09969423799998367,1
15,reference,GCV,pilot,0.011752832999945895,1
15,reference,GCV,pricing,0.050637854000001425,1
15,strike_low,MC,pricing,0.06462729800000488,1
15,strike_low,AV,pricing,0.09958558499999981,1
15,strike_low,GCV,pilot,0.01168960400002561,1
15,strike_low,GCV,pricing,0.04923019800003203,1
15,strike_high,MC,pricing,0.06424120799999855,1
15,strike_high,AV,pricing,0.09931729499999165,1
15,strike_high,GCV,pilot,0.012176933000091594,1
15,strike_high,GCV,pricing,0.049239987000078145,1
15,volatility_low,MC,pricing,0.06485108599997602,1
15,volatility_low,AV,pricing,0.09946713399995133,1
15,volatility_low,GCV,pilot,0.011867425999980696,1
15,volatility_low,GCV,pricing,0.048645167000017864,1
15,volatility_high,MC,pricing,0.0644625410000117,1
15,volatility_high,AV,pricing,0.10155297599999358,1
15,volatility_high,GCV,pilot,0.012100902000042879,1
15,volatility_high,GCV,pricing,0.04949024300003657,1
15,maturity_short,MC,pricing,0.06518369600007645,1
15,maturity_short,AV,pricing,0.09961135400010335,1
15,maturity_short,GCV,pilot,0.011619644000006701,1
15,maturity_short,GCV,pricing,0.048947440999995706,1
15,maturity_long,MC,pricing,0.06442540199998348,1
15,maturity_long,AV,pricing,0.0990187979999746,1
15,maturity_long,GCV,pilot,0.011741442000015923,1
15,maturity_long,GCV,pricing,0.05004030899999634,1
16,reference,MC,pricing,0.06401605799999288,1
16,reference,AV,pricing,0.09861346200000298,1
16,reference,GCV,pilot,0.011656312000013713,1
16,reference,GCV,pricing,0.04860266799994406,1
16,strike_low,MC,pricing,0.0640030240000442,1
16,strike_low,AV,pricing,0.0991041380000297,1
16,strike_low,GCV,pilot,0.012509063000038623,1
16,strike_low,GCV,pricing,0.04887293199999476,1
16,strike_high,MC,pricing,0.06441059399992355,1
16,strike_high,AV,pricing,0.09888249400000859,1
16,strike_high,GCV,pilot,0.012462595999977566,1
16,strike_high,GCV,pricing,0.05061111399993479,1
16,volatility_low,MC,pricing,0.06451307500003622,1
16,volatility_low,AV,pricing,0.10106015600001683,1
16,volatility_low,GCV,pilot,0.013254432999929122,1
16,volatility_low,GCV,pricing,0.05223968199993578,1
16,volatility_high,MC,pricing,0.0649301739999828,1
16,volatility_high,AV,pricing,0.09971113899996453,1
16,volatility_high,GCV,pilot,0.012726468999971985,1
16,volatility_high,GCV,pricing,0.04960115099993345,1
16,maturity_short,MC,pricing,0.06523177600001873,1
16,maturity_short,AV,pricing,0.10194827299994813,1
16,maturity_short,GCV,pilot,0.012806877999992139,1
16,maturity_short,GCV,pricing,0.049629022999965855,1
16,maturity_long,MC,pricing,0.06481925299999602,1
16,maturity_long,AV,pricing,0.0997041599999875,1
16,maturity_long,GCV,pilot,0.012729282999998759,1
16,maturity_long,GCV,pricing,0.04885029700005816,1
17,reference,MC,pricing,0.06498333799993361,1
17,reference,AV,pricing,0.09980827300000783,1
17,reference,GCV,pilot,0.012456584000005932,1
17,reference,GCV,pricing,0.05024351500003377,1
17,strike_low,MC,pricing,0.064552123999988,1
17,strike_low,AV,pricing,0.09926167499997973,1
17,strike_low,GCV,pilot,0.012572900999998637,1
17,strike_low,GCV,pricing,0.049237888999982715,1
17,strike_high,MC,pricing,0.06459522400007245,1
17,strike_high,AV,pricing,0.10022328700006256,1
17,strike_high,GCV,pilot,0.012590734000013981,1
17,strike_high,GCV,pricing,0.04843761600000107,1
17,volatility_low,MC,pricing,0.06417722399999093,1
17,volatility_low,AV,pricing,0.09925074400007361,1
17,volatility_low,GCV,pilot,0.012402663999978358,1
17,volatility_low,GCV,pricing,0.0488585419999481,1
17,volatility_high,MC,pricing,0.0649190679999947,1
17,volatility_high,AV,pricing,0.09993103299996164,1
17,volatility_high,GCV,pilot,0.01271761099997093,1
17,volatility_high,GCV,pricing,0.04839516700008062,1
17,maturity_short,MC,pricing,0.06442518699998345,1
17,maturity_short,AV,pricing,0.09915849099991192,1
17,maturity_short,GCV,pilot,0.012415747999966698,1
17,maturity_short,GCV,pricing,0.048986169000045265,1
17,maturity_long,MC,pricing,0.06426497799998288,1
17,maturity_long,AV,pricing,0.09949686300001304,1
17,maturity_long,GCV,pilot,0.011813355000072079,1
17,maturity_long,GCV,pricing,0.049230915999942226,1
18,reference,MC,pricing,0.06375394399992729,1
18,reference,AV,pricing,0.09895362000008845,1
18,reference,GCV,pilot,0.011922708999918541,1
18,reference,GCV,pricing,0.04788513599999078,1
18,strike_low,MC,pricing,0.06361730000003263,1
18,strike_low,AV,pricing,0.09880660600003921,1
18,strike_low,GCV,pilot,0.01244860899998912,1
18,strike_low,GCV,pricing,0.04865094500007672,1
18,strike_high,MC,pricing,0.06344757299996218,1
18,strike_high,AV,pricing,0.0993273850000378,1
18,strike_high,GCV,pilot,0.012379830999975638,1
18,strike_high,GCV,pricing,0.048779493999973056,1
18,volatility_low,MC,pricing,0.06404180200001974,1
18,volatility_low,AV,pricing,0.099485510999898,1
18,volatility_low,GCV,pilot,0.01209327599997323,1
18,volatility_low,GCV,pricing,0.04916285000001608,1
18,volatility_high,MC,pricing,0.06397153099999286,1
18,volatility_high,AV,pricing,0.09886444400001437,1
18,volatility_high,GCV,pilot,0.011714288999996825,1
18,volatility_high,GCV,pricing,0.0486164800000779,1
18,maturity_short,MC,pricing,0.06640135500003908,1
18,maturity_short,AV,pricing,0.10347104599998147,1
18,maturity_short,GCV,pilot,0.011954898999988472,1
18,maturity_short,GCV,pricing,0.048129992999975,1
18,maturity_long,MC,pricing,0.06399274999989757,1
18,maturity_long,AV,pricing,0.09920825500000774,1
18,maturity_long,GCV,pilot,0.012073720000103094,1
18,maturity_long,GCV,pricing,0.04857820899997023,1
19,reference,MC,pricing,0.06458750000001601,1
19,reference,AV,pricing,0.09999354000001404,1
19,reference,GCV,pilot,0.012159751000012875,1
19,reference,GCV,pricing,0.04836592300000575,1
19,strike_low,MC,pricing,0.06393547400000443,1
19,strike_low,AV,pricing,0.0993940510001039,1
19,strike_low,GCV,pilot,0.012209503000008226,1
19,strike_low,GCV,pricing,0.04919570099991688,1
19,strike_high,MC,pricing,0.06413312199993015,1
19,strike_high,AV,pricing,0.10014753699999801,1
19,strike_high,GCV,pilot,0.012158919000057722,1
19,strike_high,GCV,pricing,0.04831038899999385,1
19,volatility_low,MC,pricing,0.06395833600004153,1
19,volatility_low,AV,pricing,0.10075882700004968,1
19,volatility_low,GCV,pilot,0.012176702000033401,1
19,volatility_low,GCV,pricing,0.0491062939998983,1
19,volatility_high,MC,pricing,0.06372081300003174,1
19,volatility_high,AV,pricing,0.09831796499997836,1
19,volatility_high,GCV,pilot,0.011782316999983777,1
19,volatility_high,GCV,pricing,0.04804159799994068,1
19,maturity_short,MC,pricing,0.06308329400008006,1
19,maturity_short,AV,pricing,0.0988205219999827,1
19,maturity_short,GCV,pilot,0.012164950000055796,1
19,maturity_short,GCV,pricing,0.05159858299998632,1
19,maturity_long,MC,pricing,0.06447837600001094,1
19,maturity_long,AV,pricing,0.09897758499994325,1
19,maturity_long,GCV,pilot,0.012125625999942713,1
19,maturity_long,GCV,pricing,0.05019833100004689,1
20,reference,MC,pricing,0.0638764729999366,1
20,reference,AV,pricing,0.09970221600008244,1
20,reference,GCV,pilot,0.012213169999995444,1
20,reference,GCV,pricing,0.04898674999992636,1
20,strike_low,MC,pricing,0.06446292799989806,1
20,strike_low,AV,pricing,0.09931040500009658,1
20,strike_low,GCV,pilot,0.012233648000005815,1
20,strike_low,GCV,pricing,0.05002544800004216,1
20,strike_high,MC,pricing,0.06424896799990165,1
20,strike_high,AV,pricing,0.10046269500003291,1
20,strike_high,GCV,pilot,0.011956291000046804,1
20,strike_high,GCV,pricing,0.0493033520000381,1
20,volatility_low,MC,pricing,0.06346890299994357,1
20,volatility_low,AV,pricing,0.09917151599995577,1
20,volatility_low,GCV,pilot,0.01194935900002747,1
20,volatility_low,GCV,pricing,0.04831429599994408,1
20,volatility_high,MC,pricing,0.06479059900004813,1
20,volatility_high,AV,pricing,0.09907237200002328,1
20,volatility_high,GCV,pilot,0.011946583000053579,1
20,volatility_high,GCV,pricing,0.04777484999999615,1
20,maturity_short,MC,pricing,0.06392594500005089,1
20,maturity_short,AV,pricing,0.09841369299999769,1
20,maturity_short,GCV,pilot,0.011684404000106952,1
20,maturity_short,GCV,pricing,0.048815070000046035,1
20,maturity_long,MC,pricing,0.06357729499995912,1
20,maturity_long,AV,pricing,0.09979803500004891,1
20,maturity_long,GCV,pilot,0.012135105000083968,1
20,maturity_long,GCV,pricing,0.04869841300001099,1
21,reference,MC,pricing,0.06440281599998343,1
21,reference,AV,pricing,0.1000249779999649,1
21,reference,GCV,pilot,0.012210746000050676,1
21,reference,GCV,pricing,0.0495149460000448,1
21,strike_low,MC,pricing,0.06356191600002603,1
21,strike_low,AV,pricing,0.09919821500000126,1
21,strike_low,GCV,pilot,0.01207416700003705,1
21,strike_low,GCV,pricing,0.05013238700007605,1
21,strike_high,MC,pricing,0.06433340399996723,1
21,strike_high,AV,pricing,0.09885828799997398,1
21,strike_high,GCV,pilot,0.011759460999996918,1
21,strike_high,GCV,pricing,0.04833183600010216,1
21,volatility_low,MC,pricing,0.06389339400004701,1
21,volatility_low,AV,pricing,0.1008984169999394,1
21,volatility_low,GCV,pilot,0.012029575000042314,1
21,volatility_low,GCV,pricing,0.0481547460000229,1
21,volatility_high,MC,pricing,0.06414241800007403,1
21,volatility_high,AV,pricing,0.09940066100000422,1
21,volatility_high,GCV,pilot,0.011952531000019917,1
21,volatility_high,GCV,pricing,0.04859676099999888,1
21,maturity_short,MC,pricing,0.06404867300000205,1
21,maturity_short,AV,pricing,0.09891995400005271,1
21,maturity_short,GCV,pilot,0.012246518999972977,1
21,maturity_short,GCV,pricing,0.05023634100007257,1
21,maturity_long,MC,pricing,0.06446748399991975,1
21,maturity_long,AV,pricing,0.0993287160000591,1
21,maturity_long,GCV,pilot,0.011797752000006767,1
21,maturity_long,GCV,pricing,0.05014443900006427,1
22,reference,MC,pricing,0.06382628799997292,1
22,reference,AV,pricing,0.09993189199997232,1
22,reference,GCV,pilot,0.011902517999942575,1
22,reference,GCV,pricing,0.04934848300001704,1
22,strike_low,MC,pricing,0.06475700399994366,1
22,strike_low,AV,pricing,0.10166723099996489,1
22,strike_low,GCV,pilot,0.012631287999965934,1
22,strike_low,GCV,pricing,0.050141854999992574,1
22,strike_high,MC,pricing,0.06560435599999437,1
22,strike_high,AV,pricing,0.1020237369999677,1
22,strike_high,GCV,pilot,0.012502737999966484,1
22,strike_high,GCV,pricing,0.048723226999982217,1
22,volatility_low,MC,pricing,0.06417485899999065,1
22,volatility_low,AV,pricing,0.09913463499992758,1
22,volatility_low,GCV,pilot,0.011947770999995555,1
22,volatility_low,GCV,pricing,0.048857707000024675,1
22,volatility_high,MC,pricing,0.06345747000000301,1
22,volatility_high,AV,pricing,0.10248286399996687,1
22,volatility_high,GCV,pilot,0.012121446000037395,1
22,volatility_high,GCV,pricing,0.048033929999974134,1
22,maturity_short,MC,pricing,0.06448826300004384,1
22,maturity_short,AV,pricing,0.09887692300003437,1
22,maturity_short,GCV,pilot,0.011700238999992507,1
22,maturity_short,GCV,pricing,0.04882448499995462,1
22,maturity_long,MC,pricing,0.06562629699999434,1
22,maturity_long,AV,pricing,0.09910497899988968,1
22,maturity_long,GCV,pilot,0.01169524099998398,1
22,maturity_long,GCV,pricing,0.04805107200002112,1
23,reference,MC,pricing,0.06362316899992493,1
23,reference,AV,pricing,0.09882864299993344,1
23,reference,GCV,pilot,0.011807039000018449,1
23,reference,GCV,pricing,0.04893859899993913,1
23,strike_low,MC,pricing,0.06436846000008245,1
23,strike_low,AV,pricing,0.09880152199991699,1
23,strike_low,GCV,pilot,0.01180273100010254,1
23,strike_low,GCV,pricing,0.049401150999983656,1
23,strike_high,MC,pricing,0.06364623199999642,1
23,strike_high,AV,pricing,0.09919617899993227,1
23,strike_high,GCV,pilot,0.011866881000059948,1
23,strike_high,GCV,pricing,0.04961085299999013,1
23,volatility_low,MC,pricing,0.0636574229999951,1
23,volatility_low,AV,pricing,0.10185419000004003,1
23,volatility_low,GCV,pilot,0.01215272400008871,1
23,volatility_low,GCV,pricing,0.04938310799991541,1
23,volatility_high,MC,pricing,0.064794495000001,1
23,volatility_high,AV,pricing,0.09910983700001452,1
23,volatility_high,GCV,pilot,0.011991292999937286,1
23,volatility_high,GCV,pricing,0.04847759799997675,1
23,maturity_short,MC,pricing,0.06377605400007269,1
23,maturity_short,AV,pricing,0.09976679400006105,1
23,maturity_short,GCV,pilot,0.012322921999952996,1
23,maturity_short,GCV,pricing,0.04872363700008009,1
23,maturity_long,MC,pricing,0.06386798500000168,1
23,maturity_long,AV,pricing,0.09945327899993117,1
23,maturity_long,GCV,pilot,0.012153656000009505,1
23,maturity_long,GCV,pricing,0.049138491999997314,1
24,reference,MC,pricing,0.06373860399992282,1
24,reference,AV,pricing,0.09978405599997586,1
24,reference,GCV,pilot,0.011957439000070735,1
24,reference,GCV,pricing,0.04955183800007035,1
24,strike_low,MC,pricing,0.06401891200005139,1
24,strike_low,AV,pricing,0.09906102399997962,1
24,strike_low,GCV,pilot,0.012069562999954542,1
24,strike_low,GCV,pricing,0.04825167199999214,1
24,strike_high,MC,pricing,0.06414899399999285,1
24,strike_high,AV,pricing,0.09862043300006462,1
24,strike_high,GCV,pilot,0.011835755999982212,1
24,strike_high,GCV,pricing,0.048506396999982826,1
24,volatility_low,MC,pricing,0.06384721200004151,1
24,volatility_low,AV,pricing,0.09871500899998864,1
24,volatility_low,GCV,pilot,0.011740399000018442,1
24,volatility_low,GCV,pricing,0.048437037999974564,1
24,volatility_high,MC,pricing,0.06431647700003396,1
24,volatility_high,AV,pricing,0.09857213300006151,1
24,volatility_high,GCV,pilot,0.011859620999985054,1
24,volatility_high,GCV,pricing,0.04909291100000246,1
24,maturity_short,MC,pricing,0.06501956800002517,1
24,maturity_short,AV,pricing,0.09936524099998678,1
24,maturity_short,GCV,pilot,0.011997799000027953,1
24,maturity_short,GCV,pricing,0.049598393999986,1
24,maturity_long,MC,pricing,0.06343040399997335,1
24,maturity_long,AV,pricing,0.09853535299998839,1
24,maturity_long,GCV,pilot,0.011657193000019106,1
24,maturity_long,GCV,pricing,0.04797019700004057,1
25,reference,MC,pricing,0.06371805000003405,1
25,reference,AV,pricing,0.09909975699997631,1
25,reference,GCV,pilot,0.012220855000009578,1
25,reference,GCV,pricing,0.04917439400003332,1
25,strike_low,MC,pricing,0.06372089600006348,1
25,strike_low,AV,pricing,0.09904374199993526,1
25,strike_low,GCV,pilot,0.012212439999984781,1
25,strike_low,GCV,pricing,0.04863515699992149,1
25,strike_high,MC,pricing,0.06453677800004698,1
25,strike_high,AV,pricing,0.09946868400004405,1
25,strike_high,GCV,pilot,0.012329005999959008,1
25,strike_high,GCV,pricing,0.050281569000048876,1
25,volatility_low,MC,pricing,0.06457248399999571,1
25,volatility_low,AV,pricing,0.0999870609999789,1
25,volatility_low,GCV,pilot,0.013051024999981564,1
25,volatility_low,GCV,pricing,0.04954949899990879,1
25,volatility_high,MC,pricing,0.06405659999995805,1
25,volatility_high,AV,pricing,0.09995187900005931,1
25,volatility_high,GCV,pilot,0.013049643000044853,1
25,volatility_high,GCV,pricing,0.04888206500004344,1
25,maturity_short,MC,pricing,0.06526446299994859,1
25,maturity_short,AV,pricing,0.1005420699999604,1
25,maturity_short,GCV,pilot,0.01307666299999255,1
25,maturity_short,GCV,pricing,0.049640719000080935,1
25,maturity_long,MC,pricing,0.06340039700000943,1
25,maturity_long,AV,pricing,0.10011013500002264,1
25,maturity_long,GCV,pilot,0.012535033000062867,1
25,maturity_long,GCV,pricing,0.04903810500002237,1
26,reference,MC,pricing,0.0638406280000936,1
26,reference,AV,pricing,0.10147693499993693,1
26,reference,GCV,pilot,0.012814764999916406,1
26,reference,GCV,pricing,0.049476111999979366,1
26,strike_low,MC,pricing,0.06491565299995727,1
26,strike_low,AV,pricing,0.10110203500005355,1
26,strike_low,GCV,pilot,0.01265181099995516,1
26,strike_low,GCV,pricing,0.04857213600007526,1
26,strike_high,MC,pricing,0.06524684099997557,1
26,strike_high,AV,pricing,0.10090558900003543,1
26,strike_high,GCV,pilot,0.012701682999932018,1
26,strike_high,GCV,pricing,0.04902134400003888,1
26,volatility_low,MC,pricing,0.06455748499990932,1
26,volatility_low,AV,pricing,0.10009070900002826,1
26,volatility_low,GCV,pilot,0.012753830000065136,1
26,volatility_low,GCV,pricing,0.04926305499998307,1
26,volatility_high,MC,pricing,0.06537060200002998,1
26,volatility_high,AV,pricing,0.09989926100001867,1
26,volatility_high,GCV,pilot,0.012685863999990943,1
26,volatility_high,GCV,pricing,0.050486957000089205,1
26,maturity_short,MC,pricing,0.06471722300000238,1
26,maturity_short,AV,pricing,0.10003270100003192,1
26,maturity_short,GCV,pilot,0.012411241999984668,1
26,maturity_short,GCV,pricing,0.04990614500002266,1
26,maturity_long,MC,pricing,0.06467250900004728,1
26,maturity_long,AV,pricing,0.09985527900005309,1
26,maturity_long,GCV,pilot,0.012328637999985403,1
26,maturity_long,GCV,pricing,0.04992422800000895,1
27,reference,MC,pricing,0.06491376000008131,1
27,reference,AV,pricing,0.10025321199998416,1
27,reference,GCV,pilot,0.012553406999927574,1
27,reference,GCV,pricing,0.04964200200004143,1
27,strike_low,MC,pricing,0.06454475099997126,1
27,strike_low,AV,pricing,0.09972068900003705,1
27,strike_low,GCV,pilot,0.012062902000025133,1
27,strike_low,GCV,pricing,0.049774157999991075,1
27,strike_high,MC,pricing,0.06584237299989582,1
27,strike_high,AV,pricing,0.10073257500005184,1
27,strike_high,GCV,pilot,0.012284254999940458,1
27,strike_high,GCV,pricing,0.04888491999997768,1
27,volatility_low,MC,pricing,0.06484069399994041,1
27,volatility_low,AV,pricing,0.09954011100001026,1
27,volatility_low,GCV,pilot,0.012109928999961994,1
27,volatility_low,GCV,pricing,0.04920372399999451,1
27,volatility_high,MC,pricing,0.06409715600000254,1
27,volatility_high,AV,pricing,0.10016645000007429,1
27,volatility_high,GCV,pilot,0.011869261000015285,1
27,volatility_high,GCV,pricing,0.04908426099996177,1
27,maturity_short,MC,pricing,0.06427015900010247,1
27,maturity_short,AV,pricing,0.10033710799996243,1
27,maturity_short,GCV,pilot,0.012130086999945888,1
27,maturity_short,GCV,pricing,0.04970665199994073,1
27,maturity_long,MC,pricing,0.0646065070000077,1
27,maturity_long,AV,pricing,0.09952421200000572,1
27,maturity_long,GCV,pilot,0.012200578000033602,1
27,maturity_long,GCV,pricing,0.049245762999930776,1
28,reference,MC,pricing,0.06428777200005698,1
28,reference,AV,pricing,0.09985192300007384,1
28,reference,GCV,pilot,0.011849244000018189,1
28,reference,GCV,pricing,0.049163357999987056,1
28,strike_low,MC,pricing,0.06529953899996599,1
28,strike_low,AV,pricing,0.09945807900010095,1
28,strike_low,GCV,pilot,0.011708730999998807,1
28,strike_low,GCV,pricing,0.049727931999996144,1
28,strike_high,MC,pricing,0.0646604579999348,1
28,strike_high,AV,pricing,0.09972038800003702,1
28,strike_high,GCV,pilot,0.011812114000008478,1
28,strike_high,GCV,pricing,0.049200837999933356,1
28,volatility_low,MC,pricing,0.06568661100004647,1
28,volatility_low,AV,pricing,0.09970009000005575,1
28,volatility_low,GCV,pilot,0.011652787000002718,1
28,volatility_low,GCV,pricing,0.04909961999999268,1
28,volatility_high,MC,pricing,0.06526182800007518,1
28,volatility_high,AV,pricing,0.09973343199999363,1
28,volatility_high,GCV,pilot,0.011807083999997303,1
28,volatility_high,GCV,pricing,0.048571335000019644,1
28,maturity_short,MC,pricing,0.06487251299995478,1
28,maturity_short,AV,pricing,0.09929474400007621,1
28,maturity_short,GCV,pilot,0.011821352000083607,1
28,maturity_short,GCV,pricing,0.04916415100001359,1
28,maturity_long,MC,pricing,0.06459882199999356,1
28,maturity_long,AV,pricing,0.09983880799995859,1
28,maturity_long,GCV,pilot,0.011698551999984375,1
28,maturity_long,GCV,pricing,0.049086816999988514,1
29,reference,MC,pricing,0.06436810000002424,1
29,reference,AV,pricing,0.09999581199997465,1
29,reference,GCV,pilot,0.012164411000071595,1
29,reference,GCV,pricing,0.04882985699998699,1
29,strike_low,MC,pricing,0.06431959099995765,1
29,strike_low,AV,pricing,0.09949226200001249,1
29,strike_low,GCV,pilot,0.01205225200010318,1
29,strike_low,GCV,pricing,0.04889449799998147,1
29,strike_high,MC,pricing,0.06407368299994687,1
29,strike_high,AV,pricing,0.09911507900005745,1
29,strike_high,GCV,pilot,0.01190785300002517,1
29,strike_high,GCV,pricing,0.04880472999991525,1
29,volatility_low,MC,pricing,0.06502575799993338,1
29,volatility_low,AV,pricing,0.09938266699998621,1
29,volatility_low,GCV,pilot,0.011691618999975617,1
29,volatility_low,GCV,pricing,0.04923171699999784,1
29,volatility_high,MC,pricing,0.06477655300000151,1
29,volatility_high,AV,pricing,0.09855178800000886,1
29,volatility_high,GCV,pilot,0.011671381999917685,1
29,volatility_high,GCV,pricing,0.0482918330000075,1
29,maturity_short,MC,pricing,0.06384375299990097,1
29,maturity_short,AV,pricing,0.09847320100004708,1
29,maturity_short,GCV,pilot,0.011619595000070149,1
29,maturity_short,GCV,pricing,0.04884811399995215,1
29,maturity_long,MC,pricing,0.06444700199995168,1
29,maturity_long,AV,pricing,0.09926948500003618,1
29,maturity_long,GCV,pilot,0.012046578000081354,1
29,maturity_long,GCV,pricing,0.0491742729999487,1
