contract_id,method,target_definition,initial_cost_s,baseline_marginal_cost_s,proposed_marginal_cost_s,baseline_setup_cost_s,proposed_setup_cost_s,break_even_q,verified_q,verified_q_minus_1,q_minus_1_verification_status,cost_baseline_q_minus_1,cost_proposed_q_minus_1,cost_baseline_q,cost_proposed_q,failure_reason,break_even_q_mean_runtime_sensitivity,break_even_q_mean_runtime_sensitivity_reason
reference,MC,match_gcv_50000_se,0.0,0.0015066271574403346,2.1033938585553478,0.000858630499976698,0.0,NA,False,False,not_verified,NA,NA,NA,NA,proposed_marginal_above_baseline_no_long_run_break_even,NA,proposed_marginal_above_baseline_no_long_run_break_even
reference,AV,match_gcv_50000_se,0.0,0.0015066271574403346,0.6498853044759301,0.000858630499976698,0.0,NA,False,False,not_verified,NA,NA,NA,NA,proposed_marginal_above_baseline_no_long_run_break_even,NA,proposed_marginal_above_baseline_no_long_run_break_even
reference,NCV_SCRATCH,match_gcv_50000_se,0.134135274499954,0.0015066271574403346,4.845068561229201,0.000858630499976698,0.134135274499954,NA,False,False,not_verified,NA,NA,NA,NA,proposed_marginal_above_baseline_no_long_run_break_even,NA,proposed_marginal_above_baseline_no_long_run_break_even
strike_low,MC,match_gcv_50000_se,0.0,0.0021203711099656176,2.0359579728555532,0.0010905099999831691,0.0,NA,False,False,not_verified,NA,NA,NA,NA,proposed_marginal_above_baseline_no_long_run_break_even,NA,proposed_marginal_above_baseline_no_long_run_break_even
strike_low,AV,match_gcv_50000_se,0.0,0.0021203711099656176,0.03847724480538886,0.0010905099999831691,0.0,NA,False,False,not_verified,NA,NA,NA,NA,proposed_marginal_above_baseline_no_long_run_break_even,NA,proposed_marginal_above_baseline_no_long_run_break_even
strike_low,NCV_SCRATCH,match_gcv_50000_se,0.1886833845000524,0.0021203711099656176,5.37546819276848,0.0010905099999831691,0.1886833845000524,NA,False,False,not_verified,NA,NA,NA,NA,proposed_marginal_above_baseline_no_long_run_break_even,NA,proposed_marginal_above_baseline_no_long_run_break_even
strike_low,NCV_TRANSFER_BETA1,match_gcv_50000_se,0.7008628370000451,0.0021203711099656176,3.163262102692548,0.0010905099999831691,0.7008628370000451,NA,False,False,not_verified,NA,NA,NA,NA,proposed_marginal_above_baseline_no_long_run_break_even,NA,proposed_marginal_above_baseline_no_long_run_break_even
strike_low,NCV_TRANSFER_BETA,match_gcv_50000_se,0.7015561069999876,0.0021203711099656176,1.9935575578564746,0.0010905099999831691,0.7015561069999876,NA,False,False,not_verified,NA,NA,NA,NA,proposed_marginal_above_baseline_no_long_run_break_even,NA,proposed_marginal_above_baseline_no_long_run_break_even
strike_high,MC,match_gcv_50000_se,0.0,0.0022018217924528473,0.14393134625622223,0.001054372500050249,0.0,NA,False,False,not_verified,NA,NA,NA,NA,proposed_marginal_above_baseline_no_long_run_break_even,NA,proposed_marginal_above_baseline_no_long_run_break_even
strike_high,AV,match_gcv_50000_se,0.0,0.0022018217924528473,0.2529687116748468,0.001054372500050249,0.0,NA,False,False,not_verified,NA,NA,NA,NA,proposed_marginal_above_baseline_no_long_run_break_even,NA,proposed_marginal_above_baseline_no_long_run_break_even
strike_high,NCV_SCRATCH,match_gcv_50000_se,0.1803381775000048,0.0022018217924528473,0.6775533883345841,0.001054372500050249,0.1803381775000048,NA,False,False,not_verified,NA,NA,NA,NA,proposed_marginal_above_baseline_no_long_run_break_even,NA,proposed_marginal_above_baseline_no_long_run_break_even
strike_high,NCV_TRANSFER_BETA1,match_gcv_50000_se,0.7008628370000451,0.0022018217924528473,0.7762042430837383,0.001054372500050249,0.7008628370000451,NA,False,False,not_verified,NA,NA,NA,NA,proposed_marginal_above_baseline_no_long_run_break_even,NA,proposed_marginal_above_baseline_no_long_run_break_even
strike_high,NCV_TRANSFER_BETA,match_gcv_50000_se,0.7015438545000734,0.0022018217924528473,0.1694202961773641,0.001054372500050249,0.7015438545000734,NA,False,False,not_verified,NA,NA,NA,NA,proposed_marginal_above_baseline_no_long_run_break_even,NA,proposed_marginal_above_baseline_no_long_run_break_even
volatility_low,MC,match_gcv_50000_se,0.0,0.0021614892500650736,7.514003886216457,0.0010499839999624783,0.0,NA,False,False,not_verified,NA,NA,NA,NA,proposed_marginal_above_baseline_no_long_run_break_even,NA,proposed_marginal_above_baseline_no_long_run_break_even
volatility_low,AV,match_gcv_50000_se,0.0,0.0021614892500650736,1.7858611093864278,0.0010499839999624783,0.0,NA,False,False,not_verified,NA,NA,NA,NA,proposed_marginal_above_baseline_no_long_run_break_even,NA,proposed_marginal_above_baseline_no_long_run_break_even
volatility_low,NCV_SCRATCH,match_gcv_50000_se,0.18097749600002544,0.0021614892500650736,15.393809242013731,0.0010499839999624783,0.18097749600002544,NA,False,False,not_verified,NA,NA,NA,NA,proposed_marginal_above_baseline_no_long_run_break_even,NA,proposed_marginal_above_baseline_no_long_run_break_even
volatility_low,NCV_TRANSFER_BETA1,match_gcv_50000_se,0.7008628370000451,0.0021614892500650736,10.439963805409498,0.0010499839999624783,0.7008628370000451,NA,False,False,not_verified,NA,NA,NA,NA,proposed_marginal_above_baseline_no_long_run_break_even,NA,proposed_marginal_above_baseline_no_long_run_break_even
volatility_low,NCV_TRANSFER_BETA,match_gcv_50000_se,0.7015437590000602,0.0021614892500650736,7.487909417868125,0.0010499839999624783,0.7015437590000602,NA,False,False,not_verified,NA,NA,NA,NA,proposed_marginal_above_baseline_no_long_run_break_even,NA,proposed_marginal_above_baseline_no_long_run_break_even
volatility_high,MC,match_gcv_50000_se,0.0,0.0021569514550219535,0.4101294636403646,0.0010541170000237798,0.0,NA,False,False,not_verified,NA,NA,NA,NA,proposed_marginal_above_baseline_no_long_run_break_even,NA,proposed_marginal_above_baseline_no_long_run_break_even
volatility_high,AV,match_gcv_50000_se,0.0,0.0021569514550219535,0.2351033454269583,0.0010541170000237798,0.0,NA,False,False,not_verified,NA,NA,NA,NA,proposed_marginal_above_baseline_no_long_run_break_even,NA,proposed_marginal_above_baseline_no_long_run_break_even
volatility_high,NCV_SCRATCH,match_gcv_50000_se,0.1801271265000537,0.0021569514550219535,0.9995375291899025,0.0010541170000237798,0.1801271265000537,NA,False,False,not_verified,NA,NA,NA,NA,proposed_marginal_above_baseline_no_long_run_break_even,NA,proposed_marginal_above_baseline_no_long_run_break_even
volatility_high,NCV_TRANSFER_BETA1,match_gcv_50000_se,0.7008628370000451,0.0021569514550219535,0.7881198237133449,0.0010541170000237798,0.7008628370000451,NA,False,False,not_verified,NA,NA,NA,NA,proposed_marginal_above_baseline_no_long_run_break_even,NA,proposed_marginal_above_baseline_no_long_run_break_even
volatility_high,NCV_TRANSFER_BETA,match_gcv_50000_se,0.7015611565000199,0.0021569514550219535,0.40334166601616656,0.0010541170000237798,0.7015611565000199,NA,False,False,not_verified,NA,NA,NA,NA,proposed_marginal_above_baseline_no_long_run_break_even,NA,proposed_marginal_above_baseline_no_long_run_break_even
maturity_short,MC,match_gcv_50000_se,0.0,0.002148963582484953,4.078260357455312,0.0010786375000293447,0.0,NA,False,False,not_verified,NA,NA,NA,NA,proposed_marginal_above_baseline_no_long_run_break_even,NA,proposed_marginal_above_baseline_no_long_run_break_even
maturity_short,AV,match_gcv_50000_se,0.0,0.002148963582484953,1.430538684598684,0.0010786375000293447,0.0,NA,False,False,not_verified,NA,NA,NA,NA,proposed_marginal_above_baseline_no_long_run_break_even,NA,proposed_marginal_above_baseline_no_long_run_break_even
maturity_short,NCV_SCRATCH,match_gcv_50000_se,0.2070429289999538,0.002148963582484953,9.975832829795005,0.0010786375000293447,0.2070429289999538,NA,False,False,not_verified,NA,NA,NA,NA,proposed_marginal_above_baseline_no_long_run_break_even,NA,proposed_marginal_above_baseline_no_long_run_break_even
maturity_short,NCV_TRANSFER_BETA1,match_gcv_50000_se,0.7008628370000451,0.002148963582484953,8.881275376754532,0.0010786375000293447,0.7008628370000451,NA,False,False,not_verified,NA,NA,NA,NA,proposed_marginal_above_baseline_no_long_run_break_even,NA,proposed_marginal_above_baseline_no_long_run_break_even
maturity_short,NCV_TRANSFER_BETA,match_gcv_50000_se,0.7015658210000879,0.002148963582484953,4.651521797578754,0.0010786375000293447,0.7015658210000879,NA,False,False,not_verified,NA,NA,NA,NA,proposed_marginal_above_baseline_no_long_run_break_even,NA,proposed_marginal_above_baseline_no_long_run_break_even
maturity_long,MC,match_gcv_50000_se,0.0,0.0021516888499866125,0.729665450587608,0.0010535260000210656,0.0,NA,False,False,not_verified,NA,NA,NA,NA,proposed_marginal_above_baseline_no_long_run_break_even,NA,proposed_marginal_above_baseline_no_long_run_break_even
maturity_long,AV,match_gcv_50000_se,0.0,0.0021516888499866125,0.27408995296101524,0.0010535260000210656,0.0,NA,False,False,not_verified,NA,NA,NA,NA,proposed_marginal_above_baseline_no_long_run_break_even,NA,proposed_marginal_above_baseline_no_long_run_break_even
maturity_long,NCV_SCRATCH,match_gcv_50000_se,0.18629645799995842,0.0021516888499866125,1.6861670872527834,0.0010535260000210656,0.18629645799995842,NA,False,False,not_verified,NA,NA,NA,NA,proposed_marginal_above_baseline_no_long_run_break_even,NA,proposed_marginal_above_baseline_no_long_run_break_even
maturity_long,NCV_TRANSFER_BETA1,match_gcv_50000_se,0.7008628370000451,0.0021516888499866125,0.9871268965053135,0.0010535260000210656,0.7008628370000451,NA,False,False,not_verified,NA,NA,NA,NA,proposed_marginal_above_baseline_no_long_run_break_even,NA,proposed_marginal_above_baseline_no_long_run_break_even
maturity_long,NCV_TRANSFER_BETA,match_gcv_50000_se,0.7015447960000643,0.0021516888499866125,0.7455196347474586,0.0010535260000210656,0.7015447960000643,NA,False,False,not_verified,NA,NA,NA,NA,proposed_marginal_above_baseline_no_long_run_break_even,NA,proposed_marginal_above_baseline_no_long_run_break_even
