result_type,projection_scope,setup_reuse_assumption,contract_id,method,Q,budget_paths_per_valuation,pricing_observations,pricing_simulated_paths,training_paths,pilot_paths,shared_paths,setup_paths_counted_once,paths_per_pricing_observation,pricing_independent_random_vectors_per_valuation,setup_independent_random_vectors_counted_once,total_independent_random_vectors,pricing_payoff_evaluations_per_valuation,total_payoff_evaluations,validation_paths,total_paths_used,feasible,failure_reason,total_budget_paths,budget_constraint_satisfied,projected_estimator_standard_error
projected,amortised_q_reused_setup,all reusable setup paths counted once over Q valuations; pricing paths scale with Q,reference,MC,1,200,200,200,0,0,0,0,1,200,0,200,200,200,0,200,True,,200,True,0.6195324174872908
projected,amortised_q_reused_setup,all reusable setup paths counted once over Q valuations; pricing paths scale with Q,reference,AV,1,200,100,200,0,0,0,0,2,100,0,100,200,200,0,200,True,,200,True,0.4319850744375315
projected,amortised_q_reused_setup,all reusable setup paths counted once over Q valuations; pricing paths scale with Q,reference,GCV,1,200,150,150,0,50,0,50,1,150,50,200,150,200,0,200,True,,200,True,0.019577854013774224
projected,amortised_q_reused_setup,all reusable setup paths counted once over Q valuations; pricing paths scale with Q,reference,NCV_SCRATCH,1,200,100,100,100,0,0,100,1,100,100,200,100,200,0,200,True,,200,True,0.7777492985459631
projected,amortised_q_reused_setup,all reusable setup paths counted once over Q valuations; pricing paths scale with Q,strike_low,MC,1,200,200,200,0,0,0,0,1,200,0,200,200,200,0,200,True,,200,True,0.7687053410434584
projected,amortised_q_reused_setup,all reusable setup paths counted once over Q valuations; pricing paths scale with Q,strike_low,AV,1,200,100,200,0,0,0,0,2,100,0,100,200,200,0,200,True,,200,True,0.12051631478802301
projected,amortised_q_reused_setup,all reusable setup paths counted once over Q valuations; pricing paths scale with Q,strike_low,GCV,1,200,150,150,0,50,0,50,1,150,50,200,150,200,0,200,True,,200,True,0.025339229428362697
projected,amortised_q_reused_setup,all reusable setup paths counted once over Q valuations; pricing paths scale with Q,strike_low,NCV_SCRATCH,1,200,100,100,100,0,0,100,1,100,100,200,100,200,0,200,True,,200,True,1.0674135238801892
projected,amortised_q_reused_setup,all reusable setup paths counted once over Q valuations; pricing paths scale with Q,strike_low,NCV_TRANSFER_BETA1,1,200,100,100,0,0,100,100,1,100,100,200,100,200,0,200,True,,200,True,1.010988388569358
projected,amortised_q_reused_setup,all reusable setup paths counted once over Q valuations; pricing paths scale with Q,strike_low,NCV_TRANSFER_BETA,1,200,50,50,0,50,100,150,1,50,150,200,50,200,0,200,True,,200,True,1.4364778119287531
projected,amortised_q_reused_setup,all reusable setup paths counted once over Q valuations; pricing paths scale with Q,strike_high,MC,1,200,200,200,0,0,0,0,1,200,0,200,200,200,0,200,True,,200,True,0.12846930316970184
projected,amortised_q_reused_setup,all reusable setup paths counted once over Q valuations; pricing paths scale with Q,strike_high,AV,1,200,100,200,0,0,0,0,2,100,0,100,200,200,0,200,True,,200,True,0.19532901523731858
projected,amortised_q_reused_setup,all reusable setup paths counted once over Q valuations; pricing paths scale with Q,strike_high,GCV,1,200,150,150,0,50,0,50,1,150,50,200,150,200,0,200,True,,200,True,0.01595384514434224
projected,amortised_q_reused_setup,all reusable setup paths counted once over Q valuations; pricing paths scale with Q,strike_high,NCV_SCRATCH,1,200,100,100,100,0,0,100,1,100,100,200,100,200,0,200,True,,200,True,0.23934539351336717
projected,amortised_q_reused_setup,all reusable setup paths counted once over Q valuations; pricing paths scale with Q,strike_high,NCV_TRANSFER_BETA1,1,200,100,100,0,0,100,100,1,100,100,200,100,200,0,200,True,,200,True,0.3375258546829689
projected,amortised_q_reused_setup,all reusable setup paths counted once over Q valuations; pricing paths scale with Q,strike_high,NCV_TRANSFER_BETA,1,200,50,50,0,50,100,150,1,50,150,200,50,200,0,200,True,,200,True,0.2510482779711029
projected,amortised_q_reused_setup,all reusable setup paths counted once over Q valuations; pricing paths scale with Q,volatility_low,MC,1,200,200,200,0,0,0,0,1,200,0,200,200,200,0,200,True,,200,True,0.3248510062242862
projected,amortised_q_reused_setup,all reusable setup paths counted once over Q valuations; pricing paths scale with Q,volatility_low,AV,1,200,100,200,0,0,0,0,2,100,0,100,200,200,0,200,True,,200,True,0.18207499600226595
projected,amortised_q_reused_setup,all reusable setup paths counted once over Q valuations; pricing paths scale with Q,volatility_low,GCV,1,200,150,150,0,50,0,50,1,150,50,200,150,200,0,200,True,,200,True,0.00556243657704446
projected,amortised_q_reused_setup,all reusable setup paths counted once over Q valuations; pricing paths scale with Q,volatility_low,NCV_SCRATCH,1,200,100,100,100,0,0,100,1,100,100,200,100,200,0,200,True,,200,True,0.414017642560573
projected,amortised_q_reused_setup,all reusable setup paths counted once over Q valuations; pricing paths scale with Q,volatility_low,NCV_TRANSFER_BETA1,1,200,100,100,0,0,100,100,1,100,100,200,100,200,0,200,True,,200,True,0.436864986980933
projected,amortised_q_reused_setup,all reusable setup paths counted once over Q valuations; pricing paths scale with Q,volatility_low,NCV_TRANSFER_BETA,1,200,50,50,0,50,100,150,1,50,150,200,50,200,0,200,True,,200,True,0.6041254065864815
projected,amortised_q_reused_setup,all reusable setup paths counted once over Q valuations; pricing paths scale with Q,volatility_high,MC,1,200,200,200,0,0,0,0,1,200,0,200,200,200,0,200,True,,200,True,1.398890276043624
projected,amortised_q_reused_setup,all reusable setup paths counted once over Q valuations; pricing paths scale with Q,volatility_high,AV,1,200,100,200,0,0,0,0,2,100,0,100,200,200,0,200,True,,200,True,1.210703978283847
projected,amortised_q_reused_setup,all reusable setup paths counted once over Q valuations; pricing paths scale with Q,volatility_high,GCV,1,200,150,150,0,50,0,50,1,150,50,200,150,200,0,200,True,,200,True,0.1015353038931794
projected,amortised_q_reused_setup,all reusable setup paths counted once over Q valuations; pricing paths scale with Q,volatility_high,NCV_SCRATCH,1,200,100,100,100,0,0,100,1,100,100,200,100,200,0,200,True,,200,True,1.8468825052125457
projected,amortised_q_reused_setup,all reusable setup paths counted once over Q valuations; pricing paths scale with Q,volatility_high,NCV_TRANSFER_BETA1,1,200,100,100,0,0,100,100,1,100,100,200,100,200,0,200,True,,200,True,1.8657070707055363
projected,amortised_q_reused_setup,all reusable setup paths counted once over Q valuations; pricing paths scale with Q,volatility_high,NCV_TRANSFER_BETA,1,200,50,50,0,50,100,150,1,50,150,200,50,200,0,200,True,,200,True,2.584906571460618
projected,amortised_q_reused_setup,all reusable setup paths counted once over Q valuations; pricing paths scale with Q,maturity_short,MC,1,200,200,200,0,0,0,0,1,200,0,200,200,200,0,200,True,,200,True,0.4002995559145653
projected,amortised_q_reused_setup,all reusable setup paths counted once over Q valuations; pricing paths scale with Q,maturity_short,AV,1,200,100,200,0,0,0,0,2,100,0,100,200,200,0,200,True,,200,True,0.27110501988324887
projected,amortised_q_reused_setup,all reusable setup paths counted once over Q valuations; pricing paths scale with Q,maturity_short,GCV,1,200,150,150,0,50,0,50,1,150,50,200,150,200,0,200,True,,200,True,0.009217651750936173
projected,amortised_q_reused_setup,all reusable setup paths counted once over Q valuations; pricing paths scale with Q,maturity_short,NCV_SCRATCH,1,200,100,100,100,0,0,100,1,100,100,200,100,200,0,200,True,,200,True,0.5245370070072556
projected,amortised_q_reused_setup,all reusable setup paths counted once over Q valuations; pricing paths scale with Q,maturity_short,NCV_TRANSFER_BETA1,1,200,100,100,0,0,100,100,1,100,100,200,100,200,0,200,True,,200,True,0.530949632049484
projected,amortised_q_reused_setup,all reusable setup paths counted once over Q valuations; pricing paths scale with Q,maturity_short,NCV_TRANSFER_BETA,1,200,50,50,0,50,100,150,1,50,150,200,50,200,0,200,True,,200,True,0.7912640737399533
projected,amortised_q_reused_setup,all reusable setup paths counted once over Q valuations; pricing paths scale with Q,maturity_long,MC,1,200,200,200,0,0,0,0,1,200,0,200,200,200,0,200,True,,200,True,0.9041954316037777
projected,amortised_q_reused_setup,all reusable setup paths counted once over Q valuations; pricing paths scale with Q,maturity_long,AV,1,200,100,200,0,0,0,0,2,100,0,100,200,200,0,200,True,,200,True,0.6373759050040051
projected,amortised_q_reused_setup,all reusable setup paths counted once over Q valuations; pricing paths scale with Q,maturity_long,GCV,1,200,150,150,0,50,0,50,1,150,50,200,150,200,0,200,True,,200,True,0.049175560998529454
projected,amortised_q_reused_setup,all reusable setup paths counted once over Q valuations; pricing paths scale with Q,maturity_long,NCV_SCRATCH,1,200,100,100,100,0,0,100,1,100,100,200,100,200,0,200,True,,200,True,1.1853643270572622
projected,amortised_q_reused_setup,all reusable setup paths counted once over Q valuations; pricing paths scale with Q,maturity_long,NCV_TRANSFER_BETA1,1,200,100,100,0,0,100,100,1,100,100,200,100,200,0,200,True,,200,True,1.1997407488687302
projected,amortised_q_reused_setup,all reusable setup paths counted once over Q valuations; pricing paths scale with Q,maturity_long,NCV_TRANSFER_BETA,1,200,50,50,0,50,100,150,1,50,150,200,50,200,0,200,True,,200,True,1.6991791337617108
projected,amortised_q_reused_setup,all reusable setup paths counted once over Q valuations; pricing paths scale with Q,reference,MC,5,200,200,200,0,0,0,0,1,200,0,1000,200,1000,0,1000,True,,1000,True,0.6195324174872908
projected,amortised_q_reused_setup,all reusable setup paths counted once over Q valuations; pricing paths scale with Q,reference,AV,5,200,100,200,0,0,0,0,2,100,0,500,200,1000,0,1000,True,,1000,True,0.4319850744375315
projected,amortised_q_reused_setup,all reusable setup paths counted once over Q valuations; pricing paths scale with Q,reference,GCV,5,200,190,190,0,50,0,50,1,190,50,1000,190,1000,0,1000,True,,1000,True,0.017395379780985758
projected,amortised_q_reused_setup,all reusable setup paths counted once over Q valuations; pricing paths scale with Q,reference,NCV_SCRATCH,5,200,180,180,100,0,0,100,1,180,100,1000,180,1000,0,1000,True,,1000,True,0.5797001003338507
projected,amortised_q_reused_setup,all reusable setup paths counted once over Q valuations; pricing paths scale with Q,strike_low,MC,5,200,200,200,0,0,0,0,1,200,0,1000,200,1000,0,1000,True,,1000,True,0.7687053410434584
projected,amortised_q_reused_setup,all reusable setup paths counted once over Q valuations; pricing paths scale with Q,strike_low,AV,5,200,100,200,0,0,0,0,2,100,0,500,200,1000,0,1000,True,,1000,True,0.12051631478802301
projected,amortised_q_reused_setup,all reusable setup paths counted once over Q valuations; pricing paths scale with Q,strike_low,GCV,5,200,190,190,0,50,0,50,1,190,50,1000,190,1000,0,1000,True,,1000,True,0.022514496172756217
projected,amortised_q_reused_setup,all reusable setup paths counted once over Q valuations; pricing paths scale with Q,strike_low,NCV_SCRATCH,5,200,180,180,100,0,0,100,1,180,100,1000,180,1000,0,1000,True,,1000,True,0.7956030664995659
projected,amortised_q_reused_setup,all reusable setup paths counted once over Q valuations; pricing paths scale with Q,strike_low,NCV_TRANSFER_BETA1,5,200,180,180,0,0,100,100,1,180,100,1000,180,1000,0,1000,True,,1000,True,0.7535462537680186
projected,amortised_q_reused_setup,all reusable setup paths counted once over Q valuations; pricing paths scale with Q,strike_low,NCV_TRANSFER_BETA,5,200,170,170,0,50,100,150,1,170,150,1000,170,1000,0,1000,True,,1000,True,0.7790394734701148
projected,amortised_q_reused_setup,all reusable setup paths counted once over Q valuations; pricing paths scale with Q,strike_high,MC,5,200,200,200,0,0,0,0,1,200,0,1000,200,1000,0,1000,True,,1000,True,0.12846930316970184
projected,amortised_q_reused_setup,all reusable setup paths counted once over Q valuations; pricing paths scale with Q,strike_high,AV,5,200,100,200,0,0,0,0,2,100,0,500,200,1000,0,1000,True,,1000,True,0.19532901523731858
projected,amortised_q_reused_setup,all reusable setup paths counted once over Q valuations; pricing paths scale with Q,strike_high,GCV,5,200,190,190,0,50,0,50,1,190,50,1000,190,1000,0,1000,True,,1000,True,0.014175363400790206
projected,amortised_q_reused_setup,all reusable setup paths counted once over Q valuations; pricing paths scale with Q,strike_high,NCV_SCRATCH,5,200,180,180,100,0,0,100,1,180,100,1000,180,1000,0,1000,True,,1000,True,0.17839752333244205
projected,amortised_q_reused_setup,all reusable setup paths counted once over Q valuations; pricing paths scale with Q,strike_high,NCV_TRANSFER_BETA1,5,200,180,180,0,0,100,100,1,180,100,1000,180,1000,0,1000,True,,1000,True,0.2515769184116114
projected,amortised_q_reused_setup,all reusable setup paths counted once over Q valuations; pricing paths scale with Q,strike_high,NCV_TRANSFER_BETA,5,200,170,170,0,50,100,150,1,170,150,1000,170,1000,0,1000,True,,1000,True,0.1361500446871415
projected,amortised_q_reused_setup,all reusable setup paths counted once over Q valuations; pricing paths scale with Q,volatility_low,MC,5,200,200,200,0,0,0,0,1,200,0,1000,200,1000,0,1000,True,,1000,True,0.3248510062242862
projected,amortised_q_reused_setup,all reusable setup paths counted once over Q valuations; pricing paths scale with Q,volatility_low,AV,5,200,100,200,0,0,0,0,2,100,0,500,200,1000,0,1000,True,,1000,True,0.18207499600226595
projected,amortised_q_reused_setup,all reusable setup paths counted once over Q valuations; pricing paths scale with Q,volatility_low,GCV,5,200,190,190,0,50,0,50,1,190,50,1000,190,1000,0,1000,True,,1000,True,0.00494235459602762
projected,amortised_q_reused_setup,all reusable setup paths counted once over Q valuations; pricing paths scale with Q,volatility_low,NCV_SCRATCH,5,200,180,180,100,0,0,100,1,180,100,1000,180,1000,0,1000,True,,1000,True,0.3085905308832171
projected,amortised_q_reused_setup,all reusable setup paths counted once over Q valuations; pricing paths scale with Q,volatility_low,NCV_TRANSFER_BETA1,5,200,180,180,0,0,100,100,1,180,100,1000,180,1000,0,1000,True,,1000,True,0.3256199359596423
projected,amortised_q_reused_setup,all reusable setup paths counted once over Q valuations; pricing paths scale with Q,volatility_low,NCV_TRANSFER_BETA,5,200,170,170,0,50,100,150,1,170,150,1000,170,1000,0,1000,True,,1000,True,0.3276330025767181
projected,amortised_q_reused_setup,all reusable setup paths counted once over Q valuations; pricing paths scale with Q,volatility_high,MC,5,200,200,200,0,0,0,0,1,200,0,1000,200,1000,0,1000,True,,1000,True,1.398890276043624
projected,amortised_q_reused_setup,all reusable setup paths counted once over Q valuations; pricing paths scale with Q,volatility_high,AV,5,200,100,200,0,0,0,0,2,100,0,500,200,1000,0,1000,True,,1000,True,1.210703978283847
projected,amortised_q_reused_setup,all reusable setup paths counted once over Q valuations; pricing paths scale with Q,volatility_high,GCV,5,200,190,190,0,50,0,50,1,190,50,1000,190,1000,0,1000,True,,1000,True,0.09021648497107983
projected,amortised_q_reused_setup,all reusable setup paths counted once over Q valuations; pricing paths scale with Q,volatility_high,NCV_SCRATCH,5,200,180,180,100,0,0,100,1,180,100,1000,180,1000,0,1000,True,,1000,True,1.376584942703454
projected,amortised_q_reused_setup,all reusable setup paths counted once over Q valuations; pricing paths scale with Q,volatility_high,NCV_TRANSFER_BETA1,5,200,180,180,0,0,100,100,1,180,100,1000,180,1000,0,1000,True,,1000,True,1.3906159453998619
projected,amortised_q_reused_setup,all reusable setup paths counted once over Q valuations; pricing paths scale with Q,volatility_high,NCV_TRANSFER_BETA,5,200,170,170,0,50,100,150,1,170,150,1000,170,1000,0,1000,True,,1000,True,1.401862414913512
projected,amortised_q_reused_setup,all reusable setup paths counted once over Q valuations; pricing paths scale with Q,maturity_short,MC,5,200,200,200,0,0,0,0,1,200,0,1000,200,1000,0,1000,True,,1000,True,0.4002995559145653
projected,amortised_q_reused_setup,all reusable setup paths counted once over Q valuations; pricing paths scale with Q,maturity_short,AV,5,200,100,200,0,0,0,0,2,100,0,500,200,1000,0,1000,True,,1000,True,0.27110501988324887
projected,amortised_q_reused_setup,all reusable setup paths counted once over Q valuations; pricing paths scale with Q,maturity_short,GCV,5,200,190,190,0,50,0,50,1,190,50,1000,190,1000,0,1000,True,,1000,True,0.008190098505361763
projected,amortised_q_reused_setup,all reusable setup paths counted once over Q valuations; pricing paths scale with Q,maturity_short,NCV_SCRATCH,5,200,180,180,100,0,0,100,1,180,100,1000,180,1000,0,1000,True,,1000,True,0.3909668014608357
projected,amortised_q_reused_setup,all reusable setup paths counted once over Q valuations; pricing paths scale with Q,maturity_short,NCV_TRANSFER_BETA1,5,200,180,180,0,0,100,100,1,180,100,1000,180,1000,0,1000,True,,1000,True,0.39574648996371564
projected,amortised_q_reused_setup,all reusable setup paths counted once over Q valuations; pricing paths scale with Q,maturity_short,NCV_TRANSFER_BETA,5,200,170,170,0,50,100,150,1,170,150,1000,170,1000,0,1000,True,,1000,True,0.42912319442965746
projected,amortised_q_reused_setup,all reusable setup paths counted once over Q valuations; pricing paths scale with Q,maturity_long,MC,5,200,200,200,0,0,0,0,1,200,0,1000,200,1000,0,1000,True,,1000,True,0.9041954316037777
projected,amortised_q_reused_setup,all reusable setup paths counted once over Q valuations; pricing paths scale with Q,maturity_long,AV,5,200,100,200,0,0,0,0,2,100,0,500,200,1000,0,1000,True,,1000,True,0.6373759050040051
projected,amortised_q_reused_setup,all reusable setup paths counted once over Q valuations; pricing paths scale with Q,maturity_long,GCV,5,200,190,190,0,50,0,50,1,190,50,1000,190,1000,0,1000,True,,1000,True,0.04369363255597907
projected,amortised_q_reused_setup,all reusable setup paths counted once over Q valuations; pricing paths scale with Q,maturity_long,NCV_SCRATCH,5,200,180,180,100,0,0,100,1,180,100,1000,180,1000,0,1000,True,,1000,True,0.8835184044677772
projected,amortised_q_reused_setup,all reusable setup paths counted once over Q valuations; pricing paths scale with Q,maturity_long,NCV_TRANSFER_BETA1,5,200,180,180,0,0,100,100,1,180,100,1000,180,1000,0,1000,True,,1000,True,0.8942339566156616
projected,amortised_q_reused_setup,all reusable setup paths counted once over Q valuations; pricing paths scale with Q,maturity_long,NCV_TRANSFER_BETA,5,200,170,170,0,50,100,150,1,170,150,1000,170,1000,0,1000,True,,1000,True,0.9215092685070888
