base_seed,replication,contract_id,K,sigma,T,method,monitoring_dates,experiment_role,ncv_epoch,ncv_epoch_source,price,observation_variance,estimator_variance,std_error,ci_lower,ci_upper,pricing_observations,pricing_simulated_paths,pilot_paths,pilot_runtime_s,target_training_paths,target_training_runtime_s,shared_reference_training_paths,shared_reference_training_runtime_s,training_paths,total_simulated_paths,pricing_runtime_s,marginal_runtime_s,standalone_runtime_s,beta,corr_f_c0,param_hash,hash_verified,error,training_data_generation_runtime_s,optimizer_cumulative_training_runtime_s,validation_generation_and_evaluation_runtime_s,ncv_setup_cost_s,setup_cost_excludes_validation_generation_and_evaluation_runtime,validation_generation_and_evaluation_runtime_cost_scope,n_pricing,payoff_variance,control_variance,payoff_control_covariance,optimal_residual_variance,optimal_residual_variance_status,observed_residual_variance,residual_variance_beta_one,variance_improvement_from_estimating_beta,variance_improvement_from_estimating_beta_definition,e_h0,training_runtime_s,end_to_end_runtime_s,var_c0_pilot
42,0,reference,100.0,0.2,1.0,MC,252,expanded_training_followup_stage8_m252_n20000_r5_smoke,NA,NA,6.575247352831071,71.3043068510758,0.35652153425537897,0.5970942423565806,5.404942637812173,7.745552067849969,200,200,0,0.0,0,0.0,0,0.0,0,200,0.001822367000045233,0.001822367000045233,0.001822367000045233,nan,nan,,,,,,,,,,,,,,,,,,,,,,,
42,0,reference,100.0,0.2,1.0,AV,252,expanded_training_followup_stage8_m252_n20000_r5_smoke,NA,NA,5.996964895025393,16.775444426427516,0.08387722213213758,0.2896156455237485,5.429318229798845,6.56461156025194,200,400,0,0.0,0,0.0,0,0.0,0,400,0.0021505519999891476,0.0021505519999891476,0.0021505519999891476,nan,nan,,,,,,,,,,,,,,,,,,,,,,,
42,0,reference,100.0,0.2,1.0,GCV,252,expanded_training_followup_stage8_m252_n20000_r5_smoke,NA,NA,5.79322800229266,0.061864204253762836,0.00030932102126881417,0.01758752459184675,5.758756454092641,5.82769955049268,200,200,50,0.0008616159999519368,0,0.0,0,0.0,0,250,0.0014839619999520437,0.0014839619999520437,0.0023455779999039805,1.0377647797364888,0.9996489779958087,,,,,,,,,,,,,,,,,,,,,,,
42,0,reference,100.0,0.2,1.0,NCV_SCRATCH,252,expanded_training_followup_stage8_m252_n20000_r5_smoke,200,capacity_and_data_sensitivity_best_tested_configuration,6.184837915215562,47.37390917307164,0.2368695458653582,0.486692455114478,5.230920703191185,7.138755127239939,200,200,0,0.0,100,0.13258314599988807,0,0.0,100,300,0.004934510999987651,0.004934510999987651,0.13751765699987573,nan,nan,,,,0.0008621959999572937,0.13172094999993078,0.0,0.13258314599988807,True,research_tuning_overhead_excluded_from_operational_setup_cost,,,,,,,,,,,,,,
42,0,strike_low,80.0,0.2,1.0,MC,252,expanded_training_followup_stage8_m252_n20000_r5_smoke,NA,NA,21.689560532912086,121.22444048040914,0.6061222024020457,0.7785385041229789,20.16362506483105,23.215496000993124,200,200,0,0.0,0,0.0,0,0.0,0,200,0.0016562160000148651,0.0016562160000148651,0.0016562160000148651,nan,nan,,,,,,,,,,,,,,,,,,,,,,,
42,0,strike_low,80.0,0.2,1.0,AV,252,expanded_training_followup_stage8_m252_n20000_r5_smoke,NA,NA,21.43683892601783,1.1964547614092993,0.005982273807046496,0.07734516020441419,21.28524241201718,21.588435440018483,200,400,0,0.0,0,0.0,0,0.0,0,400,0.0026544070000227293,0.0026544070000227293,0.0026544070000227293,nan,nan,,,,,,,,,,,,,,,,,,,,,,,
42,0,strike_low,80.0,0.2,1.0,GCV,252,expanded_training_followup_stage8_m252_n20000_r5_smoke,NA,NA,21.47718292927303,0.0884508853556677,0.00044225442677833847,0.021029846094975078,21.43596443092688,21.51840142761918,200,200,50,0.0010947119999400456,0,0.0,0,0.0,0,250,0.0021106279999685285,0.0021106279999685285,0.003205339999908574,1.0110041898281041,0.9998336668960212,,,,,,,,,,,,,,,,,,,,,,,
42,0,strike_low,80.0,0.2,1.0,NCV_SCRATCH,252,expanded_training_followup_stage8_m252_n20000_r5_smoke,200,capacity_and_data_sensitivity_best_tested_configuration,20.941807908166982,110.08030386735847,0.5504015193367924,0.7418905036033231,19.48770252110447,22.395913295229494,200,200,0,0.0,100,0.18129460400007247,0,0.0,100,300,0.004767759000060323,0.004767759000060323,0.1860623630001328,nan,nan,,,,0.0011821760000430004,0.18011242800002947,0.0,0.18129460400007247,True,research_tuning_overhead_excluded_from_operational_setup_cost,,,,,,,,,,,,,,
42,0,strike_low,80.0,0.2,1.0,NCV_TRANSFER_BETA1,252,expanded_training_followup_stage8_m252_n20000_r5_smoke,200,capacity_and_data_sensitivity_best_tested_configuration,21.45274665467179,111.55441386316326,0.5577720693158164,0.7468413950202655,19.98893752043207,22.916555788911513,200,200,0,0.0,0,0.0,100,1.2069169470000816,0,200,0.0035052919999998267,0.0035052919999998267,1.2104222390000814,1.0,0.28395078855406464,da51e340e039cb3d410e5a84f2f4c5d7180fa3d55f3225e03d0f655ed80116df,True,,,,,,,,200,121.22444048040914,7.861098970133608,8.76556279368975,111.45035019328327,ok,111.55441386316326,111.55441386316326,1.0,residual_variance_beta_one / observed_residual_variance,2.7599529067377064,1.2069169470000816,1.2104222390000814,
42,0,strike_low,80.0,0.2,1.0,NCV_TRANSFER_BETA,252,expanded_training_followup_stage8_m252_n20000_r5_smoke,200,capacity_and_data_sensitivity_best_tested_configuration,21.339860179779233,112.47841205624903,0.5623920602812451,0.7499280367350223,19.87000122777859,22.809719131779875,200,200,50,0.0006908649999104455,0,0.0,100,1.2069169470000816,0,250,0.0018512209999244078,0.0018512209999244078,1.2094590329999164,1.4766885949902515,0.391927249247427,da51e340e039cb3d410e5a84f2f4c5d7180fa3d55f3225e03d0f655ed80116df,True,,,,,,,,200,121.22444048040914,7.861098970133608,8.76556279368975,111.45035019328327,ok,112.47841205624903,111.55441386316326,0.9917851063489083,residual_variance_beta_one / observed_residual_variance,2.7599529067377064,1.2069169470000816,1.2094590329999164,11.238929524006707
42,0,strike_high,120.0,0.2,1.0,MC,252,expanded_training_followup_stage8_m252_n20000_r5_smoke,NA,NA,0.35630995100334867,3.5359631786675,0.0176798158933375,0.13296546880050286,0.09569763215436305,0.6169222698523342,200,200,0,0.0,0,0.0,0,0.0,0,200,0.0015929069999174317,0.0015929069999174317,0.0015929069999174317,nan,nan,,,,,,,,,,,,,,,,,,,,,,,
42,0,strike_high,120.0,0.2,1.0,AV,252,expanded_training_followup_stage8_m252_n20000_r5_smoke,NA,NA,0.5006748507533305,3.080683640352653,0.015403418201763266,0.12411050802314551,0.25741825502796534,0.7439314464786957,200,400,0,0.0,0,0.0,0,0.0,0,400,0.0024299749999272535,0.0024299749999272535,0.0024299749999272535,nan,nan,,,,,,,,,,,,,,,,,,,,,,,
42,0,strike_high,120.0,0.2,1.0,GCV,252,expanded_training_followup_stage8_m252_n20000_r5_smoke,NA,NA,0.5446270872891837,0.05288023362711601,0.00026440116813558005,0.016260417218988573,0.5127566695399661,0.5764975050384014,200,200,50,0.0010474940000904098,0,0.0,0,0.0,0,250,0.002102020999927845,0.002102020999927845,0.003149515000018255,1.0869030965865827,0.9991595793569571,,,,,,,,,,,,,,,,,,,,,,,
42,0,strike_high,120.0,0.2,1.0,NCV_SCRATCH,252,expanded_training_followup_stage8_m252_n20000_r5_smoke,200,capacity_and_data_sensitivity_best_tested_configuration,0.41962473420218865,5.217073969695608,0.026085369848478042,0.16150965868479208,0.1030658031799962,0.7361836652243812,200,200,0,0.0,100,0.17871658100000332,0,0.0,100,300,0.00401728200006346,0.00401728200006346,0.18273386300006678,nan,nan,,,,0.0011670679999724598,0.17754951300003086,0.0,0.17871658100000332,True,research_tuning_overhead_excluded_from_operational_setup_cost,,,,,,,,,,,,,,
42,0,strike_high,120.0,0.2,1.0,NCV_TRANSFER_BETA1,252,expanded_training_followup_stage8_m252_n20000_r5_smoke,200,capacity_and_data_sensitivity_best_tested_configuration,0.6578713193358783,11.215913958604299,0.05607956979302149,0.23681125351853846,0.1937212624395429,1.1220213762322135,200,200,0,0.0,0,0.0,100,1.2069169470000816,0,200,0.0025346819999185755,0.0025346819999185755,1.2094516290000001,1.0,0.21109550729710932,da51e340e039cb3d410e5a84f2f4c5d7180fa3d55f3225e03d0f655ed80116df,True,,,,,,,,200,3.5359631786675,10.217638109919063,1.2688436649911319,3.3783960159956092,ok,11.215913958604299,11.215913958604299,1.0,residual_variance_beta_one / observed_residual_variance,2.7599529067377064,1.2069169470000816,1.2094516290000001,
42,0,strike_high,120.0,0.2,1.0,NCV_TRANSFER_BETA,252,expanded_training_followup_stage8_m252_n20000_r5_smoke,200,capacity_and_data_sensitivity_best_tested_configuration,0.37532721783967715,3.4165643611898764,0.01708282180594938,0.13070126933564716,0.11915272994180875,0.6315017057375456,200,200,50,0.000672040000040397,0,0.0,100,1.2069169470000816,0,250,0.0021007779999990817,0.0021007779999990817,1.209689765000121,0.06306267590402445,0.07864871304527789,da51e340e039cb3d410e5a84f2f4c5d7180fa3d55f3225e03d0f655ed80116df,True,,,,,,,,200,3.5359631786675,10.217638109919063,1.2688436649911319,3.3783960159956092,ok,3.4165643611898764,11.215913958604299,3.282804821712232,residual_variance_beta_one / observed_residual_variance,2.7599529067377064,1.2069169470000816,1.209689765000121,8.786302877572206
42,0,volatility_low,100.0,0.1,1.0,MC,252,expanded_training_followup_stage8_m252_n20000_r5_smoke,NA,NA,3.5551496507129996,19.730887721880997,0.09865443860940498,0.31409304132598187,2.939527289714075,4.170772011711924,200,200,0,0.0,0,0.0,0,0.0,0,200,0.0016194969999787645,0.0016194969999787645,0.0016194969999787645,nan,nan,,,,,,,,,,,,,,,,,,,,,,,
42,0,volatility_low,100.0,0.1,1.0,AV,252,expanded_training_followup_stage8_m252_n20000_r5_smoke,NA,NA,3.6184105791527292,3.2161316280963015,0.016080658140481506,0.12680953489577,3.36986389075702,3.8669572675484383,200,400,0,0.0,0,0.0,0,0.0,0,400,0.002430807999985518,0.002430807999985518,0.002430807999985518,nan,nan,,,,,,,,,,,,,,,,,,,,,,,
42,0,volatility_low,100.0,0.1,1.0,GCV,252,expanded_training_followup_stage8_m252_n20000_r5_smoke,NA,NA,3.6528860465681254,0.005967650485293626,2.983825242646813e-05,0.005462440153124621,3.642179663868001,3.66359242926825,200,200,50,0.0010471529999449558,0,0.0,0,0.0,0,250,0.002108964000058222,0.002108964000058222,0.003156117000003178,1.0205477092632267,0.9998944790719478,,,,,,,,,,,,,,,,,,,,,,,
42,0,volatility_low,100.0,0.1,1.0,NCV_SCRATCH,252,expanded_training_followup_stage8_m252_n20000_r5_smoke,200,capacity_and_data_sensitivity_best_tested_configuration,3.5767200007995643,15.531029306912632,0.07765514653456317,0.2786667302254848,3.030533209557614,4.122906792041515,200,200,0,0.0,100,0.18022090200008734,0,0.0,100,300,0.004276097000001755,0.004276097000001755,0.1844969990000891,nan,nan,,,,0.0012063620000617448,0.1790145400000256,0.0,0.18022090200008734,True,research_tuning_overhead_excluded_from_operational_setup_cost,,,,,,,,,,,,,,
42,0,volatility_low,100.0,0.1,1.0,NCV_TRANSFER_BETA1,252,expanded_training_followup_stage8_m252_n20000_r5_smoke,200,capacity_and_data_sensitivity_best_tested_configuration,3.740265541383474,21.200155911741557,0.10600077955870779,0.3255776091175617,3.102133427513053,4.378397655253895,200,200,0,0.0,0,0.0,100,1.2069169470000816,0,200,0.002456264999977975,0.002456264999977975,1.2093732120000595,1.0,0.3177595516357671,da51e340e039cb3d410e5a84f2f4c5d7180fa3d55f3225e03d0f655ed80116df,True,,,,,,,,200,19.730887721880997,10.705895563471511,4.618313686805476,17.73863764029897,ok,21.200155911741557,21.200155911741557,1.0,residual_variance_beta_one / observed_residual_variance,2.7599529067377064,1.2069169470000816,1.2093732120000595,
42,0,volatility_low,100.0,0.1,1.0,NCV_TRANSFER_BETA,252,expanded_training_followup_stage8_m252_n20000_r5_smoke,200,capacity_and_data_sensitivity_best_tested_configuration,3.6828898348214993,18.454997449318412,0.09227498724659206,0.30376798258966015,3.0875045889457655,4.278275080697233,200,200,50,0.0006822990000046047,0,0.0,100,1.2069169470000816,0,250,0.0018591259999993781,0.0018591259999993781,1.2094583720000855,0.690055206205342,0.49396973281796897,da51e340e039cb3d410e5a84f2f4c5d7180fa3d55f3225e03d0f655ed80116df,True,,,,,,,,200,19.730887721880997,10.705895563471511,4.618313686805476,17.73863764029897,ok,18.454997449318412,21.200155911741557,1.1487487857943068,residual_variance_beta_one / observed_residual_variance,2.7599529067377064,1.2069169470000816,1.2094583720000855,8.979794879138979
42,0,volatility_high,100.0,0.5,1.0,MC,252,expanded_training_followup_stage8_m252_n20000_r5_smoke,NA,NA,11.628292129380181,413.29552188676814,2.0664776094338406,1.4375248204583602,8.810743481281795,14.445840777478567,200,200,0,0.0,0,0.0,0,0.0,0,200,0.001597504999949706,0.001597504999949706,0.001597504999949706,nan,nan,,,,,,,,,,,,,,,,,,,,,,,
42,0,volatility_high,100.0,0.5,1.0,AV,252,expanded_training_followup_stage8_m252_n20000_r5_smoke,NA,NA,13.509461478282505,147.40231652375562,0.7370115826187781,0.8584937871754099,11.826813655418702,15.192109301146308,200,400,0,0.0,0,0.0,0,0.0,0,400,0.00246503199991821,0.00246503199991821,0.00246503199991821,nan,nan,,,,,,,,,,,,,,,,,,,,,,,
42,0,volatility_high,100.0,0.5,1.0,GCV,252,expanded_training_followup_stage8_m252_n20000_r5_smoke,NA,NA,12.332486243821522,1.298776517244094,0.00649388258622047,0.08058462996267012,12.17454036909469,12.490432118548355,200,200,50,0.0010614000000259693,0,0.0,0,0.0,0,250,0.002108774000021185,0.002108774000021185,0.0031701740000471545,1.0778385163066855,0.9990921488373528,,,,,,,,,,,,,,,,,,,,,,,
42,0,volatility_high,100.0,0.5,1.0,NCV_SCRATCH,252,expanded_training_followup_stage8_m252_n20000_r5_smoke,200,capacity_and_data_sensitivity_best_tested_configuration,11.497235037583813,364.5202838726048,1.822601419363024,1.3500375622044833,8.851161415663025,14.143308659504601,200,200,0,0.0,100,0.18033337300005314,0,0.0,100,300,0.004321813000046859,0.004321813000046859,0.1846551860001,nan,nan,,,,0.0011655060000066442,0.1791678670000465,0.0,0.18033337300005314,True,research_tuning_overhead_excluded_from_operational_setup_cost,,,,,,,,,,,,,,
42,0,volatility_high,100.0,0.5,1.0,NCV_TRANSFER_BETA1,252,expanded_training_followup_stage8_m252_n20000_r5_smoke,200,capacity_and_data_sensitivity_best_tested_configuration,11.858336820383457,372.71419697601436,1.863570984880072,1.365126728505479,9.182688432512718,14.533985208254196,200,200,0,0.0,0,0.0,100,1.2069169470000816,0,200,0.004477564000012535,0.004477564000012535,1.211394511000094,1.0,0.4003177681920137,da51e340e039cb3d410e5a84f2f4c5d7180fa3d55f3225e03d0f655ed80116df,True,,,,,,,,200,413.29552188676814,9.447265073306912,25.01429499203037,347.06313091509287,ok,372.71419697601436,372.71419697601436,1.0,residual_variance_beta_one / observed_residual_variance,2.7599529067377064,1.2069169470000816,1.211394511000094,
42,0,volatility_high,100.0,0.5,1.0,NCV_TRANSFER_BETA,252,expanded_training_followup_stage8_m252_n20000_r5_smoke,200,capacity_and_data_sensitivity_best_tested_configuration,11.984178547746053,358.5099146667856,1.792549573333928,1.3388612972723977,9.360010405092154,14.608346690399951,200,200,50,0.0007133069999554209,0,0.0,100,1.2069169470000816,0,250,0.0018611790000022665,0.0018611790000022665,1.2094914330000393,1.5470316520401786,0.2557198296536821,da51e340e039cb3d410e5a84f2f4c5d7180fa3d55f3225e03d0f655ed80116df,True,,,,,,,,200,413.29552188676814,9.447265073306912,25.01429499203037,347.06313091509287,ok,358.5099146667856,372.71419697601436,1.0396203332965863,residual_variance_beta_one / observed_residual_variance,2.7599529067377064,1.2069169470000816,1.2094914330000393,9.585458644429824
42,0,maturity_short,100.0,0.2,0.5,MC,252,expanded_training_followup_stage8_m252_n20000_r5_smoke,NA,NA,4.0395851457496486,31.646185831634924,0.1582309291581746,0.39778251489749344,3.2599314165505615,4.819238874948736,200,200,0,0.0,0,0.0,0,0.0,0,200,0.001604587999963769,0.001604587999963769,0.001604587999963769,nan,nan,,,,,,,,,,,,,,,,,,,,,,,
42,0,maturity_short,100.0,0.2,0.5,AV,252,expanded_training_followup_stage8_m252_n20000_r5_smoke,NA,NA,3.9608604080648098,7.1273113555009955,0.03563655677750498,0.1887764730508147,3.590858520885213,4.3308622952444065,200,400,0,0.0,0,0.0,0,0.0,0,400,0.0024285630000804304,0.0024285630000804304,0.0024285630000804304,nan,nan,,,,,,,,,,,,,,,,,,,,,,,
42,0,maturity_short,100.0,0.2,0.5,GCV,252,expanded_training_followup_stage8_m252_n20000_r5_smoke,NA,NA,3.8612208223657025,0.00999892855091509,4.999464275457545e-05,0.007070688987261103,3.847362271950671,3.875079372780734,200,200,50,0.0010489960000086285,0,0.0,0,0.0,0,250,0.0021136130000058984,0.0021136130000058984,0.003162609000014527,1.015804839820868,0.9998834938328799,,,,,,,,,,,,,,,,,,,,,,,
42,0,maturity_short,100.0,0.2,0.5,NCV_SCRATCH,252,expanded_training_followup_stage8_m252_n20000_r5_smoke,200,capacity_and_data_sensitivity_best_tested_configuration,4.095481040673223,28.09164166913097,0.14045820834565484,0.3747775451459904,3.3609170521870824,4.830045029159365,200,200,0,0.0,100,0.22377409699993223,0,0.0,100,300,0.004834814999981063,0.004834814999981063,0.2286089119999133,nan,nan,,,,0.001165064000019811,0.22260903299991242,0.0,0.22377409699993223,True,research_tuning_overhead_excluded_from_operational_setup_cost,,,,,,,,,,,,,,
42,0,maturity_short,100.0,0.2,0.5,NCV_TRANSFER_BETA1,252,expanded_training_followup_stage8_m252_n20000_r5_smoke,200,capacity_and_data_sensitivity_best_tested_configuration,4.062987837374711,25.22517281871126,0.1261258640935563,0.35514203369012276,3.36690945134207,4.759066223407351,200,200,0,0.0,0,0.0,100,1.2069169470000816,0,200,0.0054666889999452906,0.0054666889999452906,1.2123836360000269,1.0,0.4659332969050072,da51e340e039cb3d410e5a84f2f4c5d7180fa3d55f3225e03d0f655ed80116df,True,,,,,,,,200,31.646185831634924,10.8327425586601,8.626877785791889,24.775993917815924,ok,25.22517281871126,25.22517281871126,1.0,residual_variance_beta_one / observed_residual_variance,2.7599529067377064,1.2069169470000816,1.2123836360000269,
42,0,maturity_short,100.0,0.2,0.5,NCV_TRANSFER_BETA,252,expanded_training_followup_stage8_m252_n20000_r5_smoke,200,capacity_and_data_sensitivity_best_tested_configuration,4.055335369922701,24.940847293096645,0.12470423646548323,0.3531348700786758,3.363191024568496,4.7474797152769055,200,200,50,0.0007133380000823308,0,0.0,100,1.2069169470000816,0,250,0.0018757469999854948,0.0018757469999854948,1.2095060320001494,0.6730090890992181,0.3599432214067983,da51e340e039cb3d410e5a84f2f4c5d7180fa3d55f3225e03d0f655ed80116df,True,,,,,,,,200,31.646185831634924,10.8327425586601,8.626877785791889,24.775993917815924,ok,24.940847293096645,25.225172818711258,1.0113999946462648,residual_variance_beta_one / observed_residual_variance,2.7599529067377064,1.2069169470000816,1.2095060320001494,6.961122283285826
42,0,maturity_long,100.0,0.2,2.0,MC,252,expanded_training_followup_stage8_m252_n20000_r5_smoke,NA,NA,8.743032465169701,141.61846855213227,0.7080923427606614,0.8414822296166814,7.093727295121006,10.392337635218396,200,200,0,0.0,0,0.0,0,0.0,0,200,0.0015911130000176854,0.0015911130000176854,0.0015911130000176854,nan,nan,,,,,,,,,,,,,,,,,,,,,,,
42,0,maturity_long,100.0,0.2,2.0,AV,252,expanded_training_followup_stage8_m252_n20000_r5_smoke,NA,NA,9.042701953474065,43.18382265068958,0.2159191132534479,0.4646709731126401,8.13194684617329,9.95345706077484,200,400,0,0.0,0,0.0,0,0.0,0,400,0.0024263089999294607,0.0024263089999294607,0.0024263089999294607,nan,nan,,,,,,,,,,,,,,,,,,,,,,,
42,0,maturity_long,100.0,0.2,2.0,GCV,252,expanded_training_followup_stage8_m252_n20000_r5_smoke,NA,NA,8.813528624086716,0.41799350322497975,0.0020899675161248988,0.04571616252623244,8.7239249455353,8.903132302638133,200,200,50,0.0010479950000217286,0,0.0,0,0.0,0,250,0.002101318999962132,0.002101318999962132,0.0031493139999838604,1.0526000940369398,0.9996112652533087,,,,,,,,,,,,,,,,,,,,,,,
42,0,maturity_long,100.0,0.2,2.0,NCV_SCRATCH,252,expanded_training_followup_stage8_m252_n20000_r5_smoke,200,capacity_and_data_sensitivity_best_tested_configuration,8.466026163828367,130.055886451893,0.650279432259465,0.8063990527396873,6.8854840204585805,10.046568307198154,200,200,0,0.0,100,0.19051093399991714,0,0.0,100,300,0.0041696670000419545,0.0041696670000419545,0.1946806009999591,nan,nan,,,,0.0011590729999397809,0.18935186099997736,0.0,0.19051093399991714,True,research_tuning_overhead_excluded_from_operational_setup_cost,,,,,,,,,,,,,,
42,0,maturity_long,100.0,0.2,2.0,NCV_TRANSFER_BETA1,252,expanded_training_followup_stage8_m252_n20000_r5_smoke,200,capacity_and_data_sensitivity_best_tested_configuration,8.692328061430047,138.7189423129745,0.6935947115648724,0.8328233375481696,7.059994319835634,10.324661803024458,200,200,0,0.0,0,0.0,100,1.2069169470000816,0,200,0.002488726000024144,0.002488726000024144,1.2094056730001057,1.0,0.16922165754591692,da51e340e039cb3d410e5a84f2f4c5d7180fa3d55f3225e03d0f655ed80116df,True,,,,,,,,200,141.61846855213227,9.541336088784265,6.220431163971018,137.56308642266447,ok,138.7189423129745,138.7189423129745,1.0,residual_variance_beta_one / observed_residual_variance,2.7599529067377064,1.2069169470000816,1.2094056730001057,
42,0,maturity_long,100.0,0.2,2.0,NCV_TRANSFER_BETA,252,expanded_training_followup_stage8_m252_n20000_r5_smoke,200,capacity_and_data_sensitivity_best_tested_configuration,8.656140338000677,148.31924652173976,0.7415962326086988,0.8611598182734136,6.968267094184786,10.344013581816567,200,200,50,0.0006746750000274915,0,0.0,100,1.2069169470000816,0,250,0.00187331200004337,0.00187331200004337,1.2094649340001524,1.7136998122526044,0.5544926831039679,da51e340e039cb3d410e5a84f2f4c5d7180fa3d55f3225e03d0f655ed80116df,True,,,,,,,,200,141.61846855213227,9.541336088784265,6.220431163971018,137.56308642266447,ok,148.31924652173976,138.71894231297446,0.9352727010559743,residual_variance_beta_one / observed_residual_variance,2.7599529067377064,1.2069169470000816,1.2094649340001524,11.628620302571317
42,1,reference,100.0,0.2,1.0,MC,252,expanded_training_followup_stage8_m252_n20000_r5_smoke,NA,NA,6.486790764870932,82.22385967598294,0.4111192983799147,0.641185853228153,5.230066492543752,7.743515037198112,200,200,0,0.0,0,0.0,0,0.0,0,200,0.0013238239999964208,0.0013238239999964208,0.0013238239999964208,nan,nan,,,,,,,,,,,,,,,,,,,,,,,
42,1,reference,100.0,0.2,1.0,AV,252,expanded_training_followup_stage8_m252_n20000_r5_smoke,NA,NA,6.675955262122807,20.546776480932404,0.10273388240466202,0.3205212666963957,6.047733579397872,7.304176944847742,200,400,0,0.0,0,0.0,0,0.0,0,400,0.001848127000016575,0.001848127000016575,0.001848127000016575,nan,nan,,,,,,,,,,,,,,,,,,,,,,,
42,1,reference,100.0,0.2,1.0,GCV,252,expanded_training_followup_stage8_m252_n20000_r5_smoke,NA,NA,5.78808538812044,0.053123506081633826,0.0002656175304081691,0.01629777685477897,5.756141745485073,5.820029030755808,200,200,50,0.0008556450000014593,0,0.0,0,0.0,0,250,0.001514300999929219,0.001514300999929219,0.0023699459999306782,1.026809168442745,0.99975296331211,,,,,,,,,,,,,,,,,,,,,,,
42,1,reference,100.0,0.2,1.0,NCV_SCRATCH,252,expanded_training_followup_stage8_m252_n20000_r5_smoke,200,capacity_and_data_sensitivity_best_tested_configuration,6.644498418963158,73.6048851046759,0.3680244255233795,0.6066501673315351,5.455464090993349,7.833532746932967,200,200,0,0.0,100,0.1356874030000199,0,0.0,100,300,0.004262396000058288,0.004262396000058288,0.1399497990000782,nan,nan,,,,0.0008768850000251405,0.13481051799999477,0.0,0.1356874030000199,True,research_tuning_overhead_excluded_from_operational_setup_cost,,,,,,,,,,,,,,
42,1,strike_low,80.0,0.2,1.0,MC,252,expanded_training_followup_stage8_m252_n20000_r5_smoke,NA,NA,20.841327025810507,115.13872005908681,0.575693600295434,0.758744753059574,19.354187309813742,22.328466741807272,200,200,0,0.0,0,0.0,0,0.0,0,200,0.0016566279999778999,0.0016566279999778999,0.0016566279999778999,nan,nan,,,,,,,,,,,,,,,,,,,,,,,
42,1,strike_low,80.0,0.2,1.0,AV,252,expanded_training_followup_stage8_m252_n20000_r5_smoke,NA,NA,21.41811361359497,1.7083816646078716,0.008541908323039358,0.09242244490944479,21.236965621572455,21.59926160561748,200,400,0,0.0,0,0.0,0,0.0,0,400,0.0024385440000287417,0.0024385440000287417,0.0024385440000287417,nan,nan,,,,,,,,,,,,,,,,,,,,,,,
42,1,strike_low,80.0,0.2,1.0,GCV,252,expanded_training_followup_stage8_m252_n20000_r5_smoke,NA,NA,21.471889014462374,0.10417207905129294,0.0005208603952564648,0.022822366118710493,21.427157176869702,21.516620852055045,200,200,50,0.0010863080000262926,0,0.0,0,0.0,0,250,0.0021090159999630487,0.0021090159999630487,0.0031953239999893412,1.0280492881867065,0.999474812386497,,,,,,,,,,,,,,,,,,,,,,,
42,1,strike_low,80.0,0.2,1.0,NCV_SCRATCH,252,expanded_training_followup_stage8_m252_n20000_r5_smoke,200,capacity_and_data_sensitivity_best_tested_configuration,21.40628973966367,117.79402232510614,0.5889701116255307,0.7674438817434996,19.902099731446413,22.910479747880927,200,200,0,0.0,100,0.19607216500003233,0,0.0,100,300,0.004304875999991964,0.004304875999991964,0.2003770410000243,nan,nan,,,,0.0011847920000036538,0.19488737300002867,0.0,0.19607216500003233,True,research_tuning_overhead_excluded_from_operational_setup_cost,,,,,,,,,,,,,,
42,1,strike_low,80.0,0.2,1.0,NCV_TRANSFER_BETA1,252,expanded_training_followup_stage8_m252_n20000_r5_smoke,200,capacity_and_data_sensitivity_best_tested_configuration,21.075839331934922,92.8650905012502,0.46432545250625096,0.6814143031271437,19.740267297805723,22.411411366064122,200,200,0,0.0,0,0.0,100,0.19480872700000873,0,200,0.002446199000019078,0.002446199000019078,0.1972549260000278,1.0,0.4676504572528445,6371c79b4b7d72648b1ec1ddd741716d1067c72c805f7bca14639403c611daa4,True,,,,,,,,200,115.13872005908681,10.976402306684161,16.62501593226038,89.95823313582589,ok,92.8650905012502,92.8650905012502,1.0,residual_variance_beta_one / observed_residual_variance,4.308694897691666,0.19480872700000873,0.1972549260000278,
42,1,strike_low,80.0,0.2,1.0,NCV_TRANSFER_BETA,252,expanded_training_followup_stage8_m252_n20000_r5_smoke,200,capacity_and_data_sensitivity_best_tested_configuration,21.336492861554216,93.8684383601128,0.469342191800564,0.6850855361198074,19.993725210759393,22.67926051234904,200,200,50,0.0006956749999744716,0,0.0,100,0.19480872700000873,0,250,0.0018644980000317446,0.0018644980000317446,0.19736890000001495,2.1114705830448464,0.5718037915795349,6371c79b4b7d72648b1ec1ddd741716d1067c72c805f7bca14639403c611daa4,True,,,,,,,,200,115.13872005908681,10.976402306684161,16.62501593226038,89.95823313582589,ok,93.8684383601128,92.8650905012502,0.9893111265469933,residual_variance_beta_one / observed_residual_variance,4.308694897691666,0.19480872700000873,0.19736890000001495,10.046972085893374
42,1,strike_high,120.0,0.2,1.0,MC,252,expanded_training_followup_stage8_m252_n20000_r5_smoke,NA,NA,0.4048773074532716,3.065781564096006,0.01532890782048003,0.12380996656360113,0.1622097729886134,0.6475448419179298,200,200,0,0.0,0,0.0,0,0.0,0,200,0.0016080569999985528,0.0016080569999985528,0.0016080569999985528,nan,nan,,,,,,,,,,,,,,,,,,,,,,,
42,1,strike_high,120.0,0.2,1.0,AV,252,expanded_training_followup_stage8_m252_n20000_r5_smoke,NA,NA,0.6665243515267669,4.550001198363472,0.02275000599181736,0.1508310511526634,0.3708954912675467,0.9621532117859872,200,400,0,0.0,0,0.0,0,0.0,0,400,0.002437381999925492,0.002437381999925492,0.002437381999925492,nan,nan,,,,,,,,,,,,,,,,,,,,,,,
42,1,strike_high,120.0,0.2,1.0,GCV,252,expanded_training_followup_stage8_m252_n20000_r5_smoke,NA,NA,0.5439219012197839,0.023477318839779732,0.00011738659419889867,0.010834509412008402,0.5226862627722474,0.5651575396673204,200,200,50,0.0010612510000100883,0,0.0,0,0.0,0,250,0.0021119919999819103,0.0021119919999819103,0.0031732429999919987,1.1595091691039843,0.9981124066912426,,,,,,,,,,,,,,,,,,,,,,,
42,1,strike_high,120.0,0.2,1.0,NCV_SCRATCH,252,expanded_training_followup_stage8_m252_n20000_r5_smoke,200,capacity_and_data_sensitivity_best_tested_configuration,0.35915299668196726,6.240169509518107,0.031200847547590532,0.17663761645694423,0.012943268426356569,0.705362724937578,200,200,0,0.0,100,0.1819597740000063,0,0.0,100,300,0.004665681999995286,0.004665681999995286,0.18662545600000158,nan,nan,,,,0.0011728900000207432,0.18078688399998555,0.0,0.1819597740000063,True,research_tuning_overhead_excluded_from_operational_setup_cost,,,,,,,,,,,,,,
42,1,strike_high,120.0,0.2,1.0,NCV_TRANSFER_BETA1,252,expanded_training_followup_stage8_m252_n20000_r5_smoke,200,capacity_and_data_sensitivity_best_tested_configuration,0.6595503317986061,11.56882655728943,0.05784413278644715,0.2405080721856278,0.18815451031477565,1.1309461532824365,200,200,0,0.0,0,0.0,100,0.19480872700000873,0,200,0.0024671979999766336,0.0024671979999766336,0.19727592499998536,1.0,0.244777116677485,6371c79b4b7d72648b1ec1ddd741716d1067c72c805f7bca14639403c611daa4,True,,,,,,,,200,3.065781564096006,11.396808534790841,1.4468817707987072,2.8820926960871325,ok,11.56882655728943,11.56882655728943,1.0,residual_variance_beta_one / observed_residual_variance,4.308694897691666,0.19480872700000873,0.19727592499998536,
42,1,strike_high,120.0,0.2,1.0,NCV_TRANSFER_BETA,252,expanded_training_followup_stage8_m252_n20000_r5_smoke,200,capacity_and_data_sensitivity_best_tested_configuration,0.4325183436705676,2.8859594260357375,0.014429797130178688,0.12012409054880992,0.19707512619490014,0.6679615611462351,200,200,50,0.000689995000016097,0,0.0,100,0.19480872700000873,0,250,0.0018461130000559933,0.0018461130000559933,0.19734483500008082,0.10853539077548695,0.20121665338519387,6371c79b4b7d72648b1ec1ddd741716d1067c72c805f7bca14639403c611daa4,True,,,,,,,,200,3.065781564096006,11.396808534790841,1.4468817707987072,2.8820926960871325,ok,2.8859594260357375,11.56882655728943,4.008658768006592,residual_variance_beta_one / observed_residual_variance,4.308694897691666,0.19480872700000873,0.19734483500008082,10.972992050399176
42,1,volatility_low,100.0,0.1,1.0,MC,252,expanded_training_followup_stage8_m252_n20000_r5_smoke,NA,NA,3.941339250511624,22.480382776091492,0.11240191388045746,0.33526394658605546,3.2842219152029553,4.598456585820292,200,200,0,0.0,0,0.0,0,0.0,0,200,0.0016162120000444702,0.0016162120000444702,0.0016162120000444702,nan,nan,,,,,,,,,,,,,,,,,,,,,,,
42,1,volatility_low,100.0,0.1,1.0,AV,252,expanded_training_followup_stage8_m252_n20000_r5_smoke,NA,NA,3.75133754063188,3.414129205748731,0.017070646028743655,0.13065468238353975,3.495254363160142,4.007420718103618,200,400,0,0.0,0,0.0,0,0.0,0,400,0.002465214999915588,0.002465214999915588,0.002465214999915588,nan,nan,,,,,,,,,,,,,,,,,,,,,,,
42,1,volatility_low,100.0,0.1,1.0,GCV,252,expanded_training_followup_stage8_m252_n20000_r5_smoke,NA,NA,3.650159870876739,0.0033145597167990033,1.6572798583995017e-05,0.004070970226370492,3.642180769233053,3.658138972520425,200,200,50,0.0010528149999800007,0,0.0,0,0.0,0,250,0.0021085760000687515,0.0021085760000687515,0.003161391000048752,1.0215434847605143,0.999927813444023,,,,,,,,,,,,,,,,,,,,,,,
42,1,volatility_low,100.0,0.1,1.0,NCV_SCRATCH,252,expanded_training_followup_stage8_m252_n20000_r5_smoke,200,capacity_and_data_sensitivity_best_tested_configuration,3.7817209759359343,18.751092363370248,0.09375546181685124,0.30619513682756494,3.181578507753907,4.381863444117961,200,200,0,0.0,100,0.18173408999996354,0,0.0,100,300,0.0038860500000055254,0.0038860500000055254,0.18562013999996907,nan,nan,,,,0.0011694739999938975,0.18056461599996965,0.0,0.18173408999996354,True,research_tuning_overhead_excluded_from_operational_setup_cost,,,,,,,,,,,,,,
42,1,volatility_low,100.0,0.1,1.0,NCV_TRANSFER_BETA1,252,expanded_training_followup_stage8_m252_n20000_r5_smoke,200,capacity_and_data_sensitivity_best_tested_configuration,4.100331103504618,16.9700474582286,0.084850237291143,0.29129064058280857,3.529401447962313,4.671260759046922,200,200,0,0.0,0,0.0,100,0.19480872700000873,0,200,0.0025153889999955936,0.0025153889999955936,0.19732411600000432,1.0,0.5387202568556066,6371c79b4b7d72648b1ec1ddd741716d1067c72c805f7bca14639403c611daa4,True,,,,,,,,200,22.480382776091492,12.682085159015369,9.096210238439124,15.956136986504891,ok,16.9700474582286,16.9700474582286,1.0,residual_variance_beta_one / observed_residual_variance,4.308694897691666,0.19480872700000873,0.19732411600000432,
42,1,volatility_low,100.0,0.1,1.0,NCV_TRANSFER_BETA,252,expanded_training_followup_stage8_m252_n20000_r5_smoke,200,capacity_and_data_sensitivity_best_tested_configuration,3.990900164712714,18.041753239009747,0.09020876619504874,0.30034774211744747,3.402218590162517,4.5795817392629115,200,200,50,0.0006795450000254277,0,0.0,100,0.19480872700000873,0,250,0.0018702189998975882,0.0018702189998975882,0.19735849099993175,0.3117198351243448,0.2850744683202017,6371c79b4b7d72648b1ec1ddd741716d1067c72c805f7bca14639403c611daa4,True,,,,,,,,200,22.480382776091492,12.682085159015369,9.096210238439124,15.956136986504891,ok,18.041753239009747,16.9700474582286,0.9405985789416567,residual_variance_beta_one / observed_residual_variance,4.308694897691666,0.19480872700000873,0.19735849099993175,9.303232001276788
42,1,volatility_high,100.0,0.5,1.0,MC,252,expanded_training_followup_stage8_m252_n20000_r5_smoke,NA,NA,11.213733933919535,369.4620798769945,1.8473103993849724,1.3591579744036277,8.549784304088424,13.877683563750645,200,200,0,0.0,0,0.0,0,0.0,0,200,0.001622543000053156,0.001622543000053156,0.001622543000053156,nan,nan,,,,,,,,,,,,,,,,,,,,,,,
42,1,volatility_high,100.0,0.5,1.0,AV,252,expanded_training_followup_stage8_m252_n20000_r5_smoke,NA,NA,12.444967661455058,145.75850808271105,0.7287925404135552,0.8536934698201428,10.771728460607578,14.118206862302538,200,400,0,0.0,0,0.0,0,0.0,0,400,0.0024635009999656177,0.0024635009999656177,0.0024635009999656177,nan,nan,,,,,,,,,,,,,,,,,,,,,,,
42,1,volatility_high,100.0,0.5,1.0,GCV,252,expanded_training_followup_stage8_m252_n20000_r5_smoke,NA,NA,12.395952247154884,1.7940488637599932,0.008970244318799966,0.09471137375627049,12.210317954592595,12.581586539717174,200,200,50,0.0010468340000215903,0,0.0,0,0.0,0,250,0.0021624170000222875,0.0021624170000222875,0.003209251000043878,1.1076030556643868,0.9978485345452849,,,,,,,,,,,,,,,,,,,,,,,
42,1,volatility_high,100.0,0.5,1.0,NCV_SCRATCH,252,expanded_training_followup_stage8_m252_n20000_r5_smoke,200,capacity_and_data_sensitivity_best_tested_configuration,12.06250150047018,317.674713739429,1.5883735686971452,1.2603069343208204,9.592299909201373,14.532703091738988,200,200,0,0.0,100,0.17992088000005424,0,0.0,100,300,0.004682623999997304,0.004682623999997304,0.18460350400005154,nan,nan,,,,0.001211814000043887,0.17870906600001035,0.0,0.17992088000005424,True,research_tuning_overhead_excluded_from_operational_setup_cost,,,,,,,,,,,,,,
42,1,volatility_high,100.0,0.5,1.0,NCV_TRANSFER_BETA1,252,expanded_training_followup_stage8_m252_n20000_r5_smoke,200,capacity_and_data_sensitivity_best_tested_configuration,11.375731472520773,323.4583777601123,1.6172918888005614,1.271727914610889,8.88314475988343,13.868318185158115,200,200,0,0.0,0,0.0,100,0.19480872700000873,0,200,0.0024798619999728544,0.0024798619999728544,0.19728858899998158,1.0,0.41789593356000504,6371c79b4b7d72648b1ec1ddd741716d1067c72c805f7bca14639403c611daa4,True,,,,,,,,200,369.4620798769945,13.90755060380165,29.955626360341963,304.94032646377127,ok,323.4583777601123,323.4583777601123,1.0,residual_variance_beta_one / observed_residual_variance,4.308694897691666,0.19480872700000873,0.19728858899998158,
42,1,volatility_high,100.0,0.5,1.0,NCV_TRANSFER_BETA,252,expanded_training_followup_stage8_m252_n20000_r5_smoke,200,capacity_and_data_sensitivity_best_tested_configuration,11.65707614416395,309.6642836512431,1.5483214182562157,1.2443156425345683,9.218217484796195,14.095934803531705,200,200,50,0.0006833319999941523,0,0.0,100,0.19480872700000873,0,250,0.0018486480000774463,0.0018486480000774463,0.19734070700008033,2.7367218914091795,0.5058873546968206,6371c79b4b7d72648b1ec1ddd741716d1067c72c805f7bca14639403c611daa4,True,,,,,,,,200,369.4620798769945,13.90755060380165,29.955626360341963,304.94032646377127,ok,309.6642836512431,323.4583777601123,1.0445453183887512,residual_variance_beta_one / observed_residual_variance,4.308694897691666,0.19480872700000873,0.19734070700008033,17.14967997964198
42,1,maturity_short,100.0,0.2,0.5,MC,252,expanded_training_followup_stage8_m252_n20000_r5_smoke,NA,NA,4.542730182208976,32.44970795452435,0.16224853977262174,0.40280086863439324,3.753240479685565,5.332219884732386,200,200,0,0.0,0,0.0,0,0.0,0,200,0.0016009930000109307,0.0016009930000109307,0.0016009930000109307,nan,nan,,,,,,,,,,,,,,,,,,,,,,,
42,1,maturity_short,100.0,0.2,0.5,AV,252,expanded_training_followup_stage8_m252_n20000_r5_smoke,NA,NA,4.057726478327876,7.572275005678354,0.03786137502839177,0.19457999647546448,3.6763496852359654,4.4391032714197864,200,400,0,0.0,0,0.0,0,0.0,0,400,0.002474362000043584,0.002474362000043584,0.002474362000043584,nan,nan,,,,,,,,,,,,,,,,,,,,,,,
42,1,maturity_short,100.0,0.2,0.5,GCV,252,expanded_training_followup_stage8_m252_n20000_r5_smoke,NA,NA,3.868744248366076,0.015490602589545918,7.745301294772959e-05,0.008800739340971848,3.8514947992577713,3.885993697474381,200,200,50,0.0011082790000500609,0,0.0,0,0.0,0,250,0.002120797999964452,0.002120797999964452,0.003229077000014513,1.0319917348037346,0.9998860489826641,,,,,,,,,,,,,,,,,,,,,,,
42,1,maturity_short,100.0,0.2,0.5,NCV_SCRATCH,252,expanded_training_followup_stage8_m252_n20000_r5_smoke,200,capacity_and_data_sensitivity_best_tested_configuration,4.316277603342831,26.93617267489497,0.13468086337447485,0.3669889145116986,3.596979330899902,5.03557587578576,200,200,0,0.0,100,0.19031176099997538,0,0.0,100,300,0.004298493000078452,0.004298493000078452,0.19461025400005383,nan,nan,,,,0.0011683620000439987,0.18914339899993138,0.0,0.19031176099997538,True,research_tuning_overhead_excluded_from_operational_setup_cost,,,,,,,,,,,,,,
42,1,maturity_short,100.0,0.2,0.5,NCV_TRANSFER_BETA1,252,expanded_training_followup_stage8_m252_n20000_r5_smoke,200,capacity_and_data_sensitivity_best_tested_configuration,4.168485369688127,31.15632953598521,0.15578164767992606,0.39469183888183706,3.394889365479726,4.942081373896527,200,200,0,0.0,0,0.0,100,0.19480872700000873,0,200,0.002469292000000678,0.002469292000000678,0.1972780190000094,1.0,0.35861389298487384,6371c79b4b7d72648b1ec1ddd741716d1067c72c805f7bca14639403c611daa4,True,,,,,,,,200,32.44970795452435,13.986277366139436,7.63982789233929,28.276548171073255,ok,31.15632953598521,31.15632953598521,1.0,residual_variance_beta_one / observed_residual_variance,4.308694897691666,0.19480872700000873,0.1972780190000094,
42,1,maturity_short,100.0,0.2,0.5,NCV_TRANSFER_BETA,252,expanded_training_followup_stage8_m252_n20000_r5_smoke,200,capacity_and_data_sensitivity_best_tested_configuration,4.031616893711033,37.669036146057984,0.1883451807302899,0.4339875352245614,3.1810013246708926,4.8822324627511735,200,200,50,0.0006926300000031915,0,0.0,100,0.19480872700000873,0,250,0.0018672019999712575,0.0018672019999712575,0.19736855899998318,1.365719099899263,0.5320913150864468,6371c79b4b7d72648b1ec1ddd741716d1067c72c805f7bca14639403c611daa4,True,,,,,,,,200,32.44970795452435,13.986277366139436,7.63982789233929,28.276548171073255,ok,37.669036146057984,31.15632953598521,0.8271071607773453,residual_variance_beta_one / observed_residual_variance,4.308694897691666,0.19480872700000873,0.19736855899998318,9.613519512993527
42,1,maturity_long,100.0,0.2,2.0,MC,252,expanded_training_followup_stage8_m252_n20000_r5_smoke,NA,NA,10.531188475981772,185.4092828611245,0.9270464143056225,0.9628324954557893,8.644036784888424,12.418340167075119,200,200,0,0.0,0,0.0,0,0.0,0,200,0.001627312999971764,0.001627312999971764,0.001627312999971764,nan,nan,,,,,,,,,,,,,,,,,,,,,,,
42,1,maturity_long,100.0,0.2,2.0,AV,252,expanded_training_followup_stage8_m252_n20000_r5_smoke,NA,NA,9.151260553219299,38.065786205245345,0.19032893102622672,0.4362670409579742,8.296177152941668,10.006343953496929,200,400,0,0.0,0,0.0,0,0.0,0,400,0.0024396969999997964,0.0024396969999997964,0.0024396969999997964,nan,nan,,,,,,,,,,,,,,,,,,,,,,,
42,1,maturity_long,100.0,0.2,2.0,GCV,252,expanded_training_followup_stage8_m252_n20000_r5_smoke,NA,NA,8.784288731295,0.3074772366310476,0.001537386183155238,0.03920951648713916,8.707438078980207,8.861139383609792,200,200,50,0.0010590570000204025,0,0.0,0,0.0,0,250,0.0021594510000113587,0.0021594510000113587,0.003218508000031761,1.0801592922101122,0.9978257953646442,,,,,,,,,,,,,,,,,,,,,,,
42,1,maturity_long,100.0,0.2,2.0,NCV_SCRATCH,252,expanded_training_followup_stage8_m252_n20000_r5_smoke,200,capacity_and_data_sensitivity_best_tested_configuration,10.197259271070184,150.96183112009024,0.7548091556004511,0.8687975342969448,8.494416103848172,11.900102438292196,200,200,0,0.0,100,0.1820819819999997,0,0.0,100,300,0.00448544400001083,0.00448544400001083,0.18656742600001053,nan,nan,,,,0.0012632289999601198,0.18081875300003958,0.0,0.1820819819999997,True,research_tuning_overhead_excluded_from_operational_setup_cost,,,,,,,,,,,,,,
42,1,maturity_long,100.0,0.2,2.0,NCV_TRANSFER_BETA1,252,expanded_training_followup_stage8_m252_n20000_r5_smoke,200,capacity_and_data_sensitivity_best_tested_configuration,10.588004190138138,149.15663058624585,0.7457831529312293,0.8635873742310208,8.895372936645337,12.280635443630938,200,200,0,0.0,0,0.0,100,0.19480872700000873,0,200,0.0024574809999649005,0.0024574809999649005,0.19726620799997363,1.0,0.4941334931016506,6371c79b4b7d72648b1ec1ddd741716d1067c72c805f7bca14639403c611daa4,True,,,,,,,,200,185.4092828611245,13.87798412875274,25.06531820181567,140.13828595483702,ok,149.15663058624585,149.15663058624585,1.0,residual_variance_beta_one / observed_residual_variance,4.308694897691666,0.19480872700000873,0.19726620799997363,
42,1,maturity_long,100.0,0.2,2.0,NCV_TRANSFER_BETA,252,expanded_training_followup_stage8_m252_n20000_r5_smoke,200,capacity_and_data_sensitivity_best_tested_configuration,10.62597660759805,140.40172633938,0.7020086316969,0.8378595536824176,8.98377188238051,12.268181332815589,200,200,50,0.0006892430000107197,0,0.0,100,0.19480872700000873,0,250,0.0018513530000063838,0.0018513530000063838,0.19734932300002583,1.6683435740225767,0.42486587101950596,6371c79b4b7d72648b1ec1ddd741716d1067c72c805f7bca14639403c611daa4,True,,,,,,,,200,185.4092828611245,13.87798412875274,25.06531820181567,140.13828595483702,ok,140.40172633938,149.15663058624585,1.0623561011329978,residual_variance_beta_one / observed_residual_variance,4.308694897691666,0.19480872700000873,0.19734932300002583,10.165056650645678
