contract_id,replication,method,comparator,variance_ratio,is_valid,invalid_reason,beats_comparator
reference,0,MC,MC,1.0,True,,False
reference,0,MC,GCV,0.0008676082411539418,True,,False
reference,0,AV,MC,4.2505167099325964,True,,True
reference,0,AV,GCV,0.0036877833267000594,True,,False
reference,0,GCV,MC,1152.5939387919755,True,,True
reference,0,GCV,GCV,1.0,True,,False
reference,0,NCV_SCRATCH,MC,1.5051387587749823,True,,True
reference,0,NCV_SCRATCH,GCV,0.0013058707911933897,True,,False
strike_low,0,MC,MC,1.0,True,,False
strike_low,0,MC,GCV,0.0007296456474052531,True,,False
strike_low,0,AV,MC,101.319702499758,True,,True
strike_low,0,AV,GCV,0.07392747992534357,True,,False
strike_low,0,GCV,MC,1370.5282880205948,True,,True
strike_low,0,GCV,GCV,1.0,True,,False
strike_low,0,NCV_SCRATCH,MC,1.1012364266951773,True,,True
strike_low,0,NCV_SCRATCH,GCV,0.0008035123655022501,True,,False
strike_low,0,NCV_TRANSFER_BETA1,MC,1.0866843926866712,True,,True
strike_low,0,NCV_TRANSFER_BETA1,GCV,0.0007928945372270504,True,,False
strike_low,0,NCV_TRANSFER_BETA,MC,1.077757395968449,True,,True
strike_low,0,NCV_TRANSFER_BETA,GCV,0.0007863809929271986,True,,False
strike_high,0,MC,MC,1.0,True,,False
strike_high,0,MC,GCV,0.014954972932451042,True,,False
strike_high,0,AV,MC,1.1477852293404363,True,,True
strike_high,0,AV,GCV,0.017165097037053337,True,,False
strike_high,0,GCV,MC,66.86738949758201,True,,True
strike_high,0,GCV,GCV,1.0,True,,False
strike_high,0,NCV_SCRATCH,MC,0.6777674994080651,True,,False
strike_high,0,NCV_SCRATCH,GCV,0.010135994608142641,True,,False
strike_high,0,NCV_TRANSFER_BETA1,MC,0.31526304425283885,True,,False
strike_high,0,NCV_TRANSFER_BETA1,GCV,0.00471475029340332,True,,False
strike_high,0,NCV_TRANSFER_BETA,MC,1.0349470417808961,True,,True
strike_high,0,NCV_TRANSFER_BETA,GCV,0.01547760499635358,True,,False
volatility_low,0,MC,MC,1.0,True,,False
volatility_low,0,MC,GCV,0.0003024522043514378,True,,False
volatility_low,0,AV,MC,6.134975182455495,True,,True
volatility_low,0,AV,GCV,0.0018555367675750288,True,,False
volatility_low,0,GCV,MC,3306.3075276450577,True,,True
volatility_low,0,GCV,GCV,1.0,True,,False
volatility_low,0,NCV_SCRATCH,MC,1.270417261597663,True,,True
volatility_low,0,NCV_SCRATCH,GCV,0.00038424050121633037,True,,False
volatility_low,0,NCV_TRANSFER_BETA1,MC,0.9306954063933645,True,,False
volatility_low,0,NCV_TRANSFER_BETA1,GCV,0.0002814908772434303,True,,False
volatility_low,0,NCV_TRANSFER_BETA,MC,1.0691352180387164,True,,True
volatility_low,0,NCV_TRANSFER_BETA,GCV,0.0003233623034455649,True,,False
volatility_high,0,MC,MC,1.0,True,,False
volatility_high,0,MC,GCV,0.003142488724085241,True,,False
volatility_high,0,AV,MC,2.8038604252203916,True,,True
volatility_high,0,AV,GCV,0.00881109977016393,True,,False
volatility_high,0,GCV,MC,318.219121149303,True,,True
volatility_high,0,GCV,GCV,1.0,True,,False
volatility_high,0,NCV_SCRATCH,MC,1.1338066499235189,True,,True
volatility_high,0,NCV_SCRATCH,GCV,0.0035629746126775207,True,,False
volatility_high,0,NCV_TRANSFER_BETA1,MC,1.1088805450396229,True,,True
volatility_high,0,NCV_TRANSFER_BETA1,GCV,0.003484644609144511,True,,False
volatility_high,0,NCV_TRANSFER_BETA,MC,1.152814761820193,True,,True
volatility_high,0,NCV_TRANSFER_BETA,GCV,0.0036227073899789694,True,,False
maturity_short,0,MC,MC,1.0,True,,False
maturity_short,0,MC,GCV,0.000315959989747634,True,,False
maturity_short,0,AV,MC,4.440129559824799,True,,True
maturity_short,0,AV,GCV,0.00140290329020041,True,,False
maturity_short,0,GCV,MC,3164.957692265808,True,,True
maturity_short,0,GCV,GCV,1.0,True,,False
maturity_short,0,NCV_SCRATCH,MC,1.1265338709773567,True,,True
maturity_short,0,NCV_SCRATCH,GCV,0.00035593963032436805,True,,False
maturity_short,0,NCV_TRANSFER_BETA1,MC,1.2545478304180637,True,,True
maturity_short,0,NCV_TRANSFER_BETA1,GCV,0.0003963869196368078,True,,False
maturity_short,0,NCV_TRANSFER_BETA,MC,1.268849668968313,True,,True
maturity_short,0,NCV_TRANSFER_BETA,GCV,0.00040090572839851697,True,,False
maturity_long,0,MC,MC,1.0,True,,False
maturity_long,0,MC,GCV,0.00295154655673394,True,,False
maturity_long,0,AV,MC,3.279433358590612,True,,True
maturity_long,0,AV,GCV,0.00967940023758654,True,,False
maturity_long,0,GCV,MC,338.8054298918323,True,,True
maturity_long,0,GCV,GCV,1.0,True,,False
maturity_long,0,NCV_SCRATCH,MC,1.088904719468551,True,,True
maturity_long,0,NCV_SCRATCH,GCV,0.003213952975358738,True,,False
maturity_long,0,NCV_TRANSFER_BETA1,MC,1.0209021651319683,True,,True
maturity_long,0,NCV_TRANSFER_BETA1,GCV,0.003013240270257485,True,,False
maturity_long,0,NCV_TRANSFER_BETA,MC,0.9548219254968685,True,,False
maturity_long,0,NCV_TRANSFER_BETA,GCV,0.002818201366494353,True,,False
reference,1,MC,MC,1.0,True,,False
reference,1,MC,GCV,0.0006460838288420905,True,,False
reference,1,AV,MC,4.001788784352009,True,,True
reference,1,AV,GCV,0.002585491020011481,True,,False
reference,1,GCV,MC,1547.7867659870035,True,,True
reference,1,GCV,GCV,1.0,True,,False
reference,1,NCV_SCRATCH,MC,1.1170978605434914,True,,True
reference,1,NCV_SCRATCH,GCV,0.0007217388629312465,True,,False
strike_low,1,MC,MC,1.0,True,,False
strike_low,1,MC,GCV,0.0009047527973025407,True,,False
strike_low,1,AV,MC,67.3963684136793,True,,True
strike_low,1,AV,GCV,0.06097705285030894,True,,False
strike_low,1,GCV,MC,1105.2742837396386,True,,True
strike_low,1,GCV,GCV,1.0,True,,False
strike_low,1,NCV_SCRATCH,MC,0.9774580898622273,True,,False
strike_low,1,NCV_SCRATCH,GCV,0.0008843579410488483,True,,False
strike_low,1,NCV_TRANSFER_BETA1,MC,1.2398493280694833,True,,True
strike_low,1,NCV_TRANSFER_BETA1,GCV,0.0011217571478045404,True,,False
strike_low,1,NCV_TRANSFER_BETA,MC,1.226596735500953,True,,True
strike_low,1,NCV_TRANSFER_BETA,GCV,0.001109766827606652,True,,False
strike_high,1,MC,MC,1.0,True,,False
strike_high,1,MC,GCV,0.00765785766172235,True,,False
strike_high,1,AV,MC,0.6737979684925567,True,,False
strike_high,1,AV,GCV,0.00515984893547368,True,,False
strike_high,1,GCV,MC,130.58482465644147,True,,True
strike_high,1,GCV,GCV,1.0,True,,False
strike_high,1,NCV_SCRATCH,MC,0.4912978019939653,True,,False
strike_high,1,NCV_SCRATCH,GCV,0.003762288637186837,True,,False
strike_high,1,NCV_TRANSFER_BETA1,MC,0.26500367594881785,True,,False
strike_high,1,NCV_TRANSFER_BETA1,GCV,0.0020293604302492416,True,,False
strike_high,1,NCV_TRANSFER_BETA,MC,1.0623093091462061,True,,True
strike_high,1,NCV_TRANSFER_BETA,GCV,0.008135013482164253,True,,False
volatility_low,1,MC,MC,1.0,True,,False
volatility_low,1,MC,GCV,0.00014744231669952388,True,,False
volatility_low,1,AV,MC,6.5845143582260715,True,,True
volatility_low,1,AV,GCV,0.0009708360513181306,True,,False
volatility_low,1,GCV,MC,6782.313398112994,True,,True
volatility_low,1,GCV,GCV,1.0,True,,False
volatility_low,1,NCV_SCRATCH,MC,1.1988839018257045,True,,True
volatility_low,1,NCV_SCRATCH,GCV,0.0001767662199389464,True,,False
volatility_low,1,NCV_TRANSFER_BETA1,MC,1.3247094818931098,True,,True
volatility_low,1,NCV_TRANSFER_BETA1,GCV,0.00019531823496414606,True,,False
volatility_low,1,NCV_TRANSFER_BETA,MC,1.2460198561791973,True,,True
volatility_low,1,NCV_TRANSFER_BETA,GCV,0.00018371605424866838,True,,False
volatility_high,1,MC,MC,1.0,True,,False
volatility_high,1,MC,GCV,0.004855840318869228,True,,False
volatility_high,1,AV,MC,2.5347548128534787,True,,True
volatility_high,1,AV,GCV,0.012308364618701747,True,,False
volatility_high,1,GCV,MC,205.93757914858048,True,,True
volatility_high,1,GCV,GCV,1.0,True,,False
volatility_high,1,NCV_SCRATCH,MC,1.163020107983929,True,,True
volatility_high,1,NCV_SCRATCH,GCV,0.005647439932004006,True,,False
volatility_high,1,NCV_TRANSFER_BETA1,MC,1.1422244878473982,True,,True
volatility_high,1,NCV_TRANSFER_BETA1,GCV,0.005546459721289151,True,,False
volatility_high,1,NCV_TRANSFER_BETA,MC,1.1931052413299887,True,,True
volatility_high,1,NCV_TRANSFER_BETA,GCV,0.00579352853550436,True,,False
maturity_short,1,MC,MC,1.0,True,,False
maturity_short,1,MC,GCV,0.0004773726349480479,True,,False
maturity_short,1,AV,MC,4.285331413636023,True,,True
maturity_short,1,AV,GCV,0.0020456999485530714,True,,False
maturity_short,1,GCV,MC,2094.7995900704054,True,,True
maturity_short,1,GCV,GCV,1.0,True,,False
maturity_short,1,NCV_SCRATCH,MC,1.2046888897756474,True,,True
maturity_short,1,NCV_SCRATCH,GCV,0.0005750855096048393,True,,False
maturity_short,1,NCV_TRANSFER_BETA1,MC,1.0415125413616293,True,,True
maturity_short,1,NCV_TRANSFER_BETA1,GCV,0.0004971895862012387,True,,False
maturity_short,1,NCV_TRANSFER_BETA,MC,0.8614424809996146,True,,False
maturity_short,1,NCV_TRANSFER_BETA,GCV,0.0004112290670109697,True,,False
maturity_long,1,MC,MC,1.0,True,,False
maturity_long,1,MC,GCV,0.001658370238459714,True,,False
maturity_long,1,AV,MC,4.870759318129509,True,,True
maturity_long,1,AV,GCV,0.008077522291886309,True,,False
maturity_long,1,GCV,MC,603.0016559684495,True,,True
maturity_long,1,GCV,GCV,1.0,True,,False
maturity_long,1,NCV_SCRATCH,MC,1.2281864991001021,True,,True
maturity_long,1,NCV_SCRATCH,GCV,0.002036787937385638,True,,False
maturity_long,1,NCV_TRANSFER_BETA1,MC,1.2430508930939983,True,,True
maturity_long,1,NCV_TRANSFER_BETA1,GCV,0.0020614386059978544,True,,False
maturity_long,1,NCV_TRANSFER_BETA,MC,1.3205627002972309,True,,True
maturity_long,1,NCV_TRANSFER_BETA,GCV,0.0021899818801929226,True,,False
