base_seed,replication,contract_id,method,target_training_runtime_s,ncv_setup_cost_s,pilot_runtime_s,pricing_runtime_s,marginal_runtime_s,standalone_runtime_s,pricing_observations
42,0,reference,MC,0.0,0.0,0.0,0.001822367000045233,0.001822367000045233,0.001822367000045233,200
42,0,reference,AV,0.0,0.0,0.0,0.0021505519999891476,0.0021505519999891476,0.0021505519999891476,200
42,0,reference,GCV,0.0,0.0,0.0008616159999519368,0.0014839619999520437,0.0014839619999520437,0.0023455779999039805,200
42,0,reference,NCV_SCRATCH,0.13258314599988807,0.13258314599988807,0.0,0.004934510999987651,0.004934510999987651,0.13751765699987573,200
42,0,strike_low,MC,0.0,0.0,0.0,0.0016562160000148651,0.0016562160000148651,0.0016562160000148651,200
42,0,strike_low,AV,0.0,0.0,0.0,0.0026544070000227293,0.0026544070000227293,0.0026544070000227293,200
42,0,strike_low,GCV,0.0,0.0,0.0010947119999400456,0.0021106279999685285,0.0021106279999685285,0.003205339999908574,200
42,0,strike_low,NCV_SCRATCH,0.18129460400007247,0.18129460400007247,0.0,0.004767759000060323,0.004767759000060323,0.1860623630001328,200
42,0,strike_low,NCV_TRANSFER_BETA1,0.0,0.0,0.0,0.0035052919999998267,0.0035052919999998267,1.2104222390000814,200
42,0,strike_low,NCV_TRANSFER_BETA,0.0,0.0,0.0006908649999104455,0.0018512209999244078,0.0018512209999244078,1.2094590329999164,200
42,0,strike_high,MC,0.0,0.0,0.0,0.0015929069999174317,0.0015929069999174317,0.0015929069999174317,200
42,0,strike_high,AV,0.0,0.0,0.0,0.0024299749999272535,0.0024299749999272535,0.0024299749999272535,200
42,0,strike_high,GCV,0.0,0.0,0.0010474940000904098,0.002102020999927845,0.002102020999927845,0.003149515000018255,200
42,0,strike_high,NCV_SCRATCH,0.17871658100000332,0.17871658100000332,0.0,0.00401728200006346,0.00401728200006346,0.18273386300006678,200
42,0,strike_high,NCV_TRANSFER_BETA1,0.0,0.0,0.0,0.0025346819999185755,0.0025346819999185755,1.2094516290000001,200
42,0,strike_high,NCV_TRANSFER_BETA,0.0,0.0,0.000672040000040397,0.0021007779999990817,0.0021007779999990817,1.209689765000121,200
42,0,volatility_low,MC,0.0,0.0,0.0,0.0016194969999787645,0.0016194969999787645,0.0016194969999787645,200
42,0,volatility_low,AV,0.0,0.0,0.0,0.002430807999985518,0.002430807999985518,0.002430807999985518,200
42,0,volatility_low,GCV,0.0,0.0,0.0010471529999449558,0.002108964000058222,0.002108964000058222,0.003156117000003178,200
42,0,volatility_low,NCV_SCRATCH,0.18022090200008734,0.18022090200008734,0.0,0.004276097000001755,0.004276097000001755,0.1844969990000891,200
42,0,volatility_low,NCV_TRANSFER_BETA1,0.0,0.0,0.0,0.002456264999977975,0.002456264999977975,1.2093732120000595,200
42,0,volatility_low,NCV_TRANSFER_BETA,0.0,0.0,0.0006822990000046047,0.0018591259999993781,0.0018591259999993781,1.2094583720000855,200
42,0,volatility_high,MC,0.0,0.0,0.0,0.001597504999949706,0.001597504999949706,0.001597504999949706,200
42,0,volatility_high,AV,0.0,0.0,0.0,0.00246503199991821,0.00246503199991821,0.00246503199991821,200
42,0,volatility_high,GCV,0.0,0.0,0.0010614000000259693,0.002108774000021185,0.002108774000021185,0.0031701740000471545,200
42,0,volatility_high,NCV_SCRATCH,0.18033337300005314,0.18033337300005314,0.0,0.004321813000046859,0.004321813000046859,0.1846551860001,200
42,0,volatility_high,NCV_TRANSFER_BETA1,0.0,0.0,0.0,0.004477564000012535,0.004477564000012535,1.211394511000094,200
42,0,volatility_high,NCV_TRANSFER_BETA,0.0,0.0,0.0007133069999554209,0.0018611790000022665,0.0018611790000022665,1.2094914330000393,200
42,0,maturity_short,MC,0.0,0.0,0.0,0.001604587999963769,0.001604587999963769,0.001604587999963769,200
42,0,maturity_short,AV,0.0,0.0,0.0,0.0024285630000804304,0.0024285630000804304,0.0024285630000804304,200
42,0,maturity_short,GCV,0.0,0.0,0.0010489960000086285,0.0021136130000058984,0.0021136130000058984,0.003162609000014527,200
42,0,maturity_short,NCV_SCRATCH,0.22377409699993223,0.22377409699993223,0.0,0.004834814999981063,0.004834814999981063,0.2286089119999133,200
42,0,maturity_short,NCV_TRANSFER_BETA1,0.0,0.0,0.0,0.0054666889999452906,0.0054666889999452906,1.2123836360000269,200
42,0,maturity_short,NCV_TRANSFER_BETA,0.0,0.0,0.0007133380000823308,0.0018757469999854948,0.0018757469999854948,1.2095060320001494,200
42,0,maturity_long,MC,0.0,0.0,0.0,0.0015911130000176854,0.0015911130000176854,0.0015911130000176854,200
42,0,maturity_long,AV,0.0,0.0,0.0,0.0024263089999294607,0.0024263089999294607,0.0024263089999294607,200
42,0,maturity_long,GCV,0.0,0.0,0.0010479950000217286,0.002101318999962132,0.002101318999962132,0.0031493139999838604,200
42,0,maturity_long,NCV_SCRATCH,0.19051093399991714,0.19051093399991714,0.0,0.0041696670000419545,0.0041696670000419545,0.1946806009999591,200
42,0,maturity_long,NCV_TRANSFER_BETA1,0.0,0.0,0.0,0.002488726000024144,0.002488726000024144,1.2094056730001057,200
42,0,maturity_long,NCV_TRANSFER_BETA,0.0,0.0,0.0006746750000274915,0.00187331200004337,0.00187331200004337,1.2094649340001524,200
42,1,reference,MC,0.0,0.0,0.0,0.0013238239999964208,0.0013238239999964208,0.0013238239999964208,200
42,1,reference,AV,0.0,0.0,0.0,0.001848127000016575,0.001848127000016575,0.001848127000016575,200
42,1,reference,GCV,0.0,0.0,0.0008556450000014593,0.001514300999929219,0.001514300999929219,0.0023699459999306782,200
42,1,reference,NCV_SCRATCH,0.1356874030000199,0.1356874030000199,0.0,0.004262396000058288,0.004262396000058288,0.1399497990000782,200
42,1,strike_low,MC,0.0,0.0,0.0,0.0016566279999778999,0.0016566279999778999,0.0016566279999778999,200
42,1,strike_low,AV,0.0,0.0,0.0,0.0024385440000287417,0.0024385440000287417,0.0024385440000287417,200
42,1,strike_low,GCV,0.0,0.0,0.0010863080000262926,0.0021090159999630487,0.0021090159999630487,0.0031953239999893412,200
42,1,strike_low,NCV_SCRATCH,0.19607216500003233,0.19607216500003233,0.0,0.004304875999991964,0.004304875999991964,0.2003770410000243,200
42,1,strike_low,NCV_TRANSFER_BETA1,0.0,0.0,0.0,0.002446199000019078,0.002446199000019078,0.1972549260000278,200
42,1,strike_low,NCV_TRANSFER_BETA,0.0,0.0,0.0006956749999744716,0.0018644980000317446,0.0018644980000317446,0.19736890000001495,200
42,1,strike_high,MC,0.0,0.0,0.0,0.0016080569999985528,0.0016080569999985528,0.0016080569999985528,200
42,1,strike_high,AV,0.0,0.0,0.0,0.002437381999925492,0.002437381999925492,0.002437381999925492,200
42,1,strike_high,GCV,0.0,0.0,0.0010612510000100883,0.0021119919999819103,0.0021119919999819103,0.0031732429999919987,200
42,1,strike_high,NCV_SCRATCH,0.1819597740000063,0.1819597740000063,0.0,0.004665681999995286,0.004665681999995286,0.18662545600000158,200
42,1,strike_high,NCV_TRANSFER_BETA1,0.0,0.0,0.0,0.0024671979999766336,0.0024671979999766336,0.19727592499998536,200
42,1,strike_high,NCV_TRANSFER_BETA,0.0,0.0,0.000689995000016097,0.0018461130000559933,0.0018461130000559933,0.19734483500008082,200
42,1,volatility_low,MC,0.0,0.0,0.0,0.0016162120000444702,0.0016162120000444702,0.0016162120000444702,200
42,1,volatility_low,AV,0.0,0.0,0.0,0.002465214999915588,0.002465214999915588,0.002465214999915588,200
42,1,volatility_low,GCV,0.0,0.0,0.0010528149999800007,0.0021085760000687515,0.0021085760000687515,0.003161391000048752,200
42,1,volatility_low,NCV_SCRATCH,0.18173408999996354,0.18173408999996354,0.0,0.0038860500000055254,0.0038860500000055254,0.18562013999996907,200
42,1,volatility_low,NCV_TRANSFER_BETA1,0.0,0.0,0.0,0.0025153889999955936,0.0025153889999955936,0.19732411600000432,200
42,1,volatility_low,NCV_TRANSFER_BETA,0.0,0.0,0.0006795450000254277,0.0018702189998975882,0.0018702189998975882,0.19735849099993175,200
42,1,volatility_high,MC,0.0,0.0,0.0,0.001622543000053156,0.001622543000053156,0.001622543000053156,200
42,1,volatility_high,AV,0.0,0.0,0.0,0.0024635009999656177,0.0024635009999656177,0.0024635009999656177,200
42,1,volatility_high,GCV,0.0,0.0,0.0010468340000215903,0.0021624170000222875,0.0021624170000222875,0.003209251000043878,200
42,1,volatility_high,NCV_SCRATCH,0.17992088000005424,0.17992088000005424,0.0,0.004682623999997304,0.004682623999997304,0.18460350400005154,200
42,1,volatility_high,NCV_TRANSFER_BETA1,0.0,0.0,0.0,0.0024798619999728544,0.0024798619999728544,0.19728858899998158,200
42,1,volatility_high,NCV_TRANSFER_BETA,0.0,0.0,0.0006833319999941523,0.0018486480000774463,0.0018486480000774463,0.19734070700008033,200
42,1,maturity_short,MC,0.0,0.0,0.0,0.0016009930000109307,0.0016009930000109307,0.0016009930000109307,200
42,1,maturity_short,AV,0.0,0.0,0.0,0.002474362000043584,0.002474362000043584,0.002474362000043584,200
42,1,maturity_short,GCV,0.0,0.0,0.0011082790000500609,0.002120797999964452,0.002120797999964452,0.003229077000014513,200
42,1,maturity_short,NCV_SCRATCH,0.19031176099997538,0.19031176099997538,0.0,0.004298493000078452,0.004298493000078452,0.19461025400005383,200
42,1,maturity_short,NCV_TRANSFER_BETA1,0.0,0.0,0.0,0.002469292000000678,0.002469292000000678,0.1972780190000094,200
42,1,maturity_short,NCV_TRANSFER_BETA,0.0,0.0,0.0006926300000031915,0.0018672019999712575,0.0018672019999712575,0.19736855899998318,200
42,1,maturity_long,MC,0.0,0.0,0.0,0.001627312999971764,0.001627312999971764,0.001627312999971764,200
42,1,maturity_long,AV,0.0,0.0,0.0,0.0024396969999997964,0.0024396969999997964,0.0024396969999997964,200
42,1,maturity_long,GCV,0.0,0.0,0.0010590570000204025,0.0021594510000113587,0.0021594510000113587,0.003218508000031761,200
42,1,maturity_long,NCV_SCRATCH,0.1820819819999997,0.1820819819999997,0.0,0.00448544400001083,0.00448544400001083,0.18656742600001053,200
42,1,maturity_long,NCV_TRANSFER_BETA1,0.0,0.0,0.0,0.0024574809999649005,0.0024574809999649005,0.19726620799997363,200
42,1,maturity_long,NCV_TRANSFER_BETA,0.0,0.0,0.0006892430000107197,0.0018513530000063838,0.0018513530000063838,0.19734932300002583,200
