contract_id,method,successful_replications,mean_price,mean_estimator_variance,mean_reported_estimator_standard_error,monitoring_dates,fixed_ncv_epoch,ncv_epoch_source,experiment_role
maturity_long,AV,2,9.096981253346682,0.20312402213983732,0.4504690070353071,252,200,capacity_and_data_sensitivity_best_tested_configuration,expanded_training_followup_stage8_m252_n20000_r5_smoke
maturity_long,GCV,2,8.798908677690857,0.0018136768496400683,0.0424628395066858,252,200,capacity_and_data_sensitivity_best_tested_configuration,expanded_training_followup_stage8_m252_n20000_r5_smoke
maturity_long,MC,2,9.637110470575736,0.8175693785331419,0.9021573625362354,252,200,capacity_and_data_sensitivity_best_tested_configuration,expanded_training_followup_stage8_m252_n20000_r5_smoke
maturity_long,NCV_SCRATCH,2,9.331642717449276,0.7025442939299581,0.837598293518316,252,200,capacity_and_data_sensitivity_best_tested_configuration,expanded_training_followup_stage8_m252_n20000_r5_smoke
maturity_long,NCV_TRANSFER_BETA,2,9.641058472799363,0.7218024321527994,0.8495096859779157,252,200,capacity_and_data_sensitivity_best_tested_configuration,expanded_training_followup_stage8_m252_n20000_r5_smoke
maturity_long,NCV_TRANSFER_BETA1,2,9.640166125784091,0.7196889322480509,0.8482053558895952,252,200,capacity_and_data_sensitivity_best_tested_configuration,expanded_training_followup_stage8_m252_n20000_r5_smoke
maturity_short,AV,2,4.009293443196343,0.03674896590294838,0.1916782347631396,252,200,capacity_and_data_sensitivity_best_tested_configuration,expanded_training_followup_stage8_m252_n20000_r5_smoke
maturity_short,GCV,2,3.8649825353658893,6.372382785115252e-05,0.007935714164116476,252,200,capacity_and_data_sensitivity_best_tested_configuration,expanded_training_followup_stage8_m252_n20000_r5_smoke
maturity_short,MC,2,4.2911576639793125,0.1602397344653982,0.40029169176594337,252,200,capacity_and_data_sensitivity_best_tested_configuration,expanded_training_followup_stage8_m252_n20000_r5_smoke
maturity_short,NCV_SCRATCH,2,4.205879322008027,0.13756953586006485,0.3708832298288445,252,200,capacity_and_data_sensitivity_best_tested_configuration,expanded_training_followup_stage8_m252_n20000_r5_smoke
maturity_short,NCV_TRANSFER_BETA,2,4.043476131816867,0.15652470859788659,0.3935612026516186,252,200,capacity_and_data_sensitivity_best_tested_configuration,expanded_training_followup_stage8_m252_n20000_r5_smoke
maturity_short,NCV_TRANSFER_BETA1,2,4.115736603531419,0.1409537558867412,0.3749169362859799,252,200,capacity_and_data_sensitivity_best_tested_configuration,expanded_training_followup_stage8_m252_n20000_r5_smoke
reference,AV,2,6.3364600785741,0.0933055522683998,0.3050684561100721,252,200,capacity_and_data_sensitivity_best_tested_configuration,expanded_training_followup_stage8_m252_n20000_r5_smoke
reference,GCV,2,5.79065669520655,0.00028746927583849164,0.016942650723312858,252,200,capacity_and_data_sensitivity_best_tested_configuration,expanded_training_followup_stage8_m252_n20000_r5_smoke
reference,MC,2,6.531019058851001,0.38382041631764685,0.6191400477923668,252,200,capacity_and_data_sensitivity_best_tested_configuration,expanded_training_followup_stage8_m252_n20000_r5_smoke
reference,NCV_SCRATCH,2,6.41466816708936,0.30244698569436884,0.5466713112230066,252,200,capacity_and_data_sensitivity_best_tested_configuration,expanded_training_followup_stage8_m252_n20000_r5_smoke
strike_high,AV,2,0.5835996011400487,0.019076712096790314,0.13747077958790446,252,200,capacity_and_data_sensitivity_best_tested_configuration,expanded_training_followup_stage8_m252_n20000_r5_smoke
strike_high,GCV,2,0.5442744942544838,0.00019089388116723936,0.013547463315498488,252,200,capacity_and_data_sensitivity_best_tested_configuration,expanded_training_followup_stage8_m252_n20000_r5_smoke
strike_high,MC,2,0.38059362922831014,0.016504361856908765,0.12838771768205198,252,200,capacity_and_data_sensitivity_best_tested_configuration,expanded_training_followup_stage8_m252_n20000_r5_smoke
strike_high,NCV_SCRATCH,2,0.38938886544207796,0.028643108698034287,0.16907363757086816,252,200,capacity_and_data_sensitivity_best_tested_configuration,expanded_training_followup_stage8_m252_n20000_r5_smoke
strike_high,NCV_TRANSFER_BETA,2,0.40392278075512233,0.015756309468064035,0.12541267994222854,252,200,capacity_and_data_sensitivity_best_tested_configuration,expanded_training_followup_stage8_m252_n20000_r5_smoke
strike_high,NCV_TRANSFER_BETA1,2,0.6587108255672423,0.05696185128973432,0.23865966285208312,252,200,capacity_and_data_sensitivity_best_tested_configuration,expanded_training_followup_stage8_m252_n20000_r5_smoke
strike_low,AV,2,21.427476269806398,0.007262091065042928,0.08488380255692948,252,200,capacity_and_data_sensitivity_best_tested_configuration,expanded_training_followup_stage8_m252_n20000_r5_smoke
strike_low,GCV,2,21.474535971867702,0.0004815574110174016,0.021926106106842785,252,200,capacity_and_data_sensitivity_best_tested_configuration,expanded_training_followup_stage8_m252_n20000_r5_smoke
strike_low,MC,2,21.2654437793613,0.5909079013487399,0.7686416285912765,252,200,capacity_and_data_sensitivity_best_tested_configuration,expanded_training_followup_stage8_m252_n20000_r5_smoke
strike_low,NCV_SCRATCH,2,21.174048823915328,0.5696858154811615,0.7546671926734114,252,200,capacity_and_data_sensitivity_best_tested_configuration,expanded_training_followup_stage8_m252_n20000_r5_smoke
strike_low,NCV_TRANSFER_BETA,2,21.338176520666725,0.5158671260409046,0.7175067864274148,252,200,capacity_and_data_sensitivity_best_tested_configuration,expanded_training_followup_stage8_m252_n20000_r5_smoke
strike_low,NCV_TRANSFER_BETA1,2,21.264292993303357,0.5110487609110337,0.7141278490737046,252,200,capacity_and_data_sensitivity_best_tested_configuration,expanded_training_followup_stage8_m252_n20000_r5_smoke
volatility_high,AV,2,12.977214569868782,0.7329020615161667,0.8560936284977764,252,200,capacity_and_data_sensitivity_best_tested_configuration,expanded_training_followup_stage8_m252_n20000_r5_smoke
volatility_high,GCV,2,12.364219245488204,0.007732063452510218,0.0876480018594703,252,200,capacity_and_data_sensitivity_best_tested_configuration,expanded_training_followup_stage8_m252_n20000_r5_smoke
volatility_high,MC,2,11.421013031649858,1.9568940044094065,1.398341397430994,252,200,capacity_and_data_sensitivity_best_tested_configuration,expanded_training_followup_stage8_m252_n20000_r5_smoke
volatility_high,NCV_SCRATCH,2,11.779868269026997,1.7054874940300846,1.305172248262652,252,200,capacity_and_data_sensitivity_best_tested_configuration,expanded_training_followup_stage8_m252_n20000_r5_smoke
volatility_high,NCV_TRANSFER_BETA,2,11.820627345955002,1.670435495795072,1.291588469903483,252,200,capacity_and_data_sensitivity_best_tested_configuration,expanded_training_followup_stage8_m252_n20000_r5_smoke
volatility_high,NCV_TRANSFER_BETA1,2,11.617034146452115,1.7404314368403166,1.3184273215581839,252,200,capacity_and_data_sensitivity_best_tested_configuration,expanded_training_followup_stage8_m252_n20000_r5_smoke
volatility_low,AV,2,3.6848740598923047,0.01657565208461258,0.12873210863965487,252,200,capacity_and_data_sensitivity_best_tested_configuration,expanded_training_followup_stage8_m252_n20000_r5_smoke
volatility_low,GCV,2,3.651522958722432,2.3205525505231573e-05,0.004766705189747557,252,200,capacity_and_data_sensitivity_best_tested_configuration,expanded_training_followup_stage8_m252_n20000_r5_smoke
volatility_low,MC,2,3.7482444506123116,0.10552817624493122,0.32467849395601867,252,200,capacity_and_data_sensitivity_best_tested_configuration,expanded_training_followup_stage8_m252_n20000_r5_smoke
volatility_low,NCV_SCRATCH,2,3.6792204883677493,0.08570530417570721,0.2924309335265249,252,200,capacity_and_data_sensitivity_best_tested_configuration,expanded_training_followup_stage8_m252_n20000_r5_smoke
volatility_low,NCV_TRANSFER_BETA,2,3.8368949997671065,0.0912418767208204,0.3020578623535538,252,200,capacity_and_data_sensitivity_best_tested_configuration,expanded_training_followup_stage8_m252_n20000_r5_smoke
volatility_low,NCV_TRANSFER_BETA1,2,3.920298322444046,0.09542550842492539,0.3084341248501851,252,200,capacity_and_data_sensitivity_best_tested_configuration,expanded_training_followup_stage8_m252_n20000_r5_smoke
