config_id,replication,checkpoint,split,train_seed,validation_seed,test_seed,pilot_seed,network_init_seed,train_paths,validation_paths,test_paths,hidden_width,parameter_count,parameter_count_formula,parameter_to_training_path_ratio,mse,payoff_mean,network_output_mean,analytic_eh,payoff_variance,network_output_variance,payoff_network_covariance,payoff_network_correlation,centered_residual_mean,centered_residual_variance,ncv_price_estimate,estimator_variance_at_reporting_n,standard_error,ncv_vrr_vs_mc,generalization_gap_ratio,generalization_gap_log,optimizer_cumulative_runtime_s,training_data_generation_runtime_s,validation_tuning_overhead_runtime_s,total_ncv_setup_runtime_s,ncv_setup_cost_s,setup_cost_excludes_validation_generation_and_evaluation_runtime,inference_runtime_per_observation_s,training_continuous_no_reinit_between_checkpoints
w32_n100,0,0,training,1042,2042,3042,4042,5042,100,200,500,32,8129,8129,81.29,105.20701775747224,6.300217984482836,0.07386406307383492,0.09314692038365258,65.37394049012117,1.0068546612113605,-0.36492293081201715,-0.0449795835356996,6.226353921408999,67.11064101295655,6.319500841792653,0.1342212820259131,0.36636222789189543,0.974121830806234,0.9437061197564053,-0.05794047512220957,0.0,0.0003314479999971809,0.008831189999909839,0.0003314479999971809,0.0,True,3.936540001632238e-07,True
w32_n100,0,0,validation,1042,2042,3042,4042,5042,100,200,500,32,8129,8129,81.29,99.28450649904735,5.60351939811515,0.19811423827640895,0.09314692038365258,69.75555187904833,1.230717661470171,0.284038510442136,0.03065551527798925,5.40540515983874,70.41819251963425,5.498552080222392,0.14083638503926849,0.375281740881792,0.9905899226197667,0.9437061197564053,-0.05794047512220957,0.0,0.0003314479999971809,0.008831189999909839,0.0003314479999971809,0.0,True,3.936540001632238e-07,True
w32_n100,0,0,test,1042,2042,3042,4042,5042,100,200,500,32,8129,8129,81.29,109.27302416217968,6.149411986176468,0.2244978360645839,0.09314692038365258,72.9338871112683,1.3605225967979018,-0.011320434535868912,-0.0011364374518887319,5.924914150111885,74.31705057713793,6.018061070495536,0.14863410115427586,0.3855309341081152,0.9813883428482678,0.9437061197564053,-0.05794047512220957,0.0,0.0003314479999971809,0.008831189999909839,0.0003314479999971809,0.0,True,3.936540001632238e-07,True
w32_n100,0,1,training,1042,2042,3042,4042,5042,100,200,500,32,8129,8129,81.29,84.04821576650164,6.300217984482836,0.923162976509465,0.3827268730058672,65.37394049012117,1.4089495869135722,5.5452353376435735,0.5777898700968263,5.377055007973371,55.692419401747586,5.759781880979237,0.11138483880349517,0.3337436723048022,1.1738391183642811,1.1239930071070068,0.11688753001709877,0.0032924560000537895,0.0003314479999971809,0.008831189999909839,0.0036239040000509704,0.0036239040000509704,True,3.7728400002379205e-07,True
w32_n100,0,1,validation,1042,2042,3042,4042,5042,100,200,500,32,8129,8129,81.29,94.46960678136871,5.60351939811515,0.44152001710246425,0.3827268730058672,69.75555187904833,1.3157262058248573,1.4535439812339004,0.1517246083977872,5.161999381012686,68.1641901224054,5.544726254018551,0.1363283802448108,0.36922673284150326,1.0233460084215076,1.1239930071070068,0.11688753001709877,0.0032924560000537895,0.0003314479999971809,0.008831189999909839,0.0036239040000509704,0.0036239040000509704,True,3.7728400002379205e-07,True
w32_n100,0,1,test,1042,2042,3042,4042,5042,100,200,500,32,8129,8129,81.29,104.34023252545288,6.149411986176468,0.4957351371309004,0.3827268730058672,72.9338871112683,1.4407624552839366,0.9267182642284947,0.09040383433852285,5.653676849045568,72.52121303809525,6.036403722051435,0.1450424260761905,0.38084435938607586,1.0056903912094834,1.1239930071070068,0.11688753001709877,0.0032924560000537895,0.0003314479999971809,0.008831189999909839,0.0036239040000509704,0.0036239040000509704,True,3.7728400002379205e-07,True
w32_n100,0,2,training,1042,2042,3042,4042,5042,100,200,500,32,8129,8129,81.29,67.63309767292544,6.300217984482836,1.6834131307226716,0.6740306773135468,65.37394049012117,2.9183863198618907,10.753127740737979,0.7785044204285096,4.616804853760164,46.78607132850709,5.290835531073712,0.09357214265701418,0.3058956401405783,1.3972949348770893,1.3311202372463198,0.2860208713557015,0.013635946000022159,0.0003314479999971809,0.008831189999909839,0.01396739400001934,0.01396739400001934,True,3.609120003602584e-07,True
w32_n100,0,2,validation,1042,2042,3042,4042,5042,100,200,500,32,8129,8129,81.29,90.02778502008803,5.60351939811515,0.6879153299980492,0.6740306773135468,69.75555187904833,1.652025629114716,2.6059889221224086,0.242758690101531,4.9156040681171,66.19559966391823,5.589634745430646,0.13239119932783647,0.3638560145549836,1.0537792879466963,1.3311202372463198,0.2860208713557015,0.013635946000022159,0.0003314479999971809,0.008831189999909839,0.01396739400001934,0.01396739400001934,True,3.609120003602584e-07,True
w32_n100,0,2,test,1042,2042,3042,4042,5042,100,200,500,32,8129,8129,81.29,99.87427294081192,6.149411986176468,0.7707527979288883,0.6740306773135468,72.9338871112683,1.7360850902721487,1.791750490804395,0.1592308994056823,5.37865918824758,71.08647121993165,6.052689865561128,0.1421729424398633,0.37705827459407826,1.0259882908749403,1.3311202372463198,0.2860208713557015,0.013635946000022159,0.0003314479999971809,0.008831189999909839,0.01396739400001934,0.01396739400001934,True,3.609120003602584e-07,True
w16_n100,0,0,training,1042,2042,3042,4042,165142,100,200,500,16,4065,4065,40.65,124.67152100071044,6.300217984482836,-1.26484508324,-1.2908168671523372,65.37394049012117,1.2406058006582452,-0.7540105829367442,-0.08372558796394201,7.565063067722835,68.12256745665289,6.274246200570499,0.13624513491330578,0.369113986342032,0.9596517414250322,0.9683727084916202,-0.03213823637687938,0.0,0.0003314479999971809,0.008831189999909839,0.0003314479999971809,0.0,True,2.5241000003006773e-07,True
w16_n100,0,0,validation,1042,2042,3042,4042,165142,100,200,500,16,4065,4065,40.65,120.72849846322788,5.60351939811515,-1.3757126684613532,-1.2908168671523372,69.75555187904833,1.1742583662541564,-0.7254557939809897,-0.08015668215159993,6.979232066576502,72.38072183326447,5.688415199424165,0.14476144366652896,0.3804752865384675,0.9637310890562343,0.9683727084916202,-0.03213823637687938,0.0,0.0003314479999971809,0.008831189999909839,0.0003314479999971809,0.0,True,2.5241000003006773e-07,True
w16_n100,0,0,test,1042,2042,3042,4042,165142,100,200,500,16,4065,4065,40.65,127.69552230686558,6.149411986176468,-1.1737971435416992,-1.2908168671523372,72.9338871112683,1.3395175066808245,0.02942257486731447,0.002976746141671993,7.323209129718167,74.2145594682145,6.032392262565829,0.14842911893642902,0.38526499832768224,0.9827436507590576,0.9683727084916202,-0.03213823637687938,0.0,0.0003314479999971809,0.008831189999909839,0.0003314479999971809,0.0,True,2.5241000003006773e-07,True
w16_n100,0,1,training,1042,2042,3042,4042,165142,100,200,500,16,4065,4065,40.65,109.1474506945211,6.300217984482836,-0.6886006284047084,-1.12425183767083,65.37394049012117,1.1059800264425592,2.783462737737561,0.3273478087843952,6.988818612887543,60.91299504108861,5.864566775216713,0.12182599008217722,0.3490358005737767,1.0732347087189433,1.0699040015756436,0.06756892629529639,0.0023429070001839136,0.0003314479999971809,0.008831189999909839,0.0026743550001810945,0.0026743550001810945,True,2.533140000195999e-07,True
w16_n100,0,1,validation,1042,2042,3042,4042,165142,100,200,500,16,4065,4065,40.65,116.77729425984839,5.60351939811515,-1.2101377242742861,-1.12425183767083,69.75555187904833,1.0882950753721519,0.0694757996423462,0.007973900874890128,6.813657122389435,70.7048953551358,5.689405284718605,0.1414097907102716,0.3760449317704888,0.986573157752103,1.0699040015756436,0.06756892629529639,0.0023429070001839136,0.0003314479999971809,0.008831189999909839,0.0026743550001810945,0.0026743550001810945,True,2.533140000195999e-07,True
w16_n100,0,1,test,1042,2042,3042,4042,165142,100,200,500,16,4065,4065,40.65,124.12337853803498,6.149411986176468,-1.021196370185953,-1.12425183767083,72.9338871112683,1.3075701083964675,0.6949999837299703,0.0711684688364407,7.170608356362421,72.85145725220482,6.046356518691591,0.14570291450440964,0.3817105113884207,1.0011314785204382,1.0699040015756436,0.06756892629529639,0.0023429070001839136,0.0003314479999971809,0.008831189999909839,0.0026743550001810945,0.0026743550001810945,True,2.533140000195999e-07,True
w16_n100,0,2,training,1042,2042,3042,4042,165142,100,200,500,16,4065,4065,40.65,97.57719321555916,6.300217984482836,-0.19724277751072136,-0.967436400519772,65.37394049012117,1.3838966053567654,5.419223162934288,0.5697480951673698,6.497460761993558,55.91939076960935,5.530024361473785,0.1118387815392187,0.33442305772661474,1.1690746195620234,1.1615451325090236,0.14975112956253886,0.008207638000158113,0.0003314479999971809,0.008831189999909839,0.008539086000155294,0.008539086000155294,True,2.600239999992482e-07,True
w16_n100,0,2,validation,1042,2042,3042,4042,165142,100,200,500,16,4065,4065,40.65,113.34031382342526,5.60351939811515,-1.05639988868976,-0.967436400519772,69.75555187904833,1.1193259611859514,0.7712133338511901,0.08727841521019734,6.659919286804909,69.33245117253192,5.692482886285137,0.13866490234506385,0.3723773655112027,1.0061024916811832,1.1615451325090236,0.14975112956253886,0.008207638000158113,0.0003314479999971809,0.008831189999909839,0.008539086000155294,0.008539086000155294,True,2.600239999992482e-07,True
w16_n100,0,2,test,1042,2042,3042,4042,165142,100,200,500,16,4065,4065,40.65,121.0017691039764,6.149411986176468,-0.8805121732073808,-0.967436400519772,72.9338871112683,1.3851436263383636,1.2968222739698192,0.12902336876718845,7.029924159383849,71.72538618966702,6.062487758864077,0.14345077237933404,0.3787489569349783,1.016848998462073,1.1615451325090236,0.14975112956253886,0.008207638000158113,0.0003314479999971809,0.008831189999909839,0.008539086000155294,0.008539086000155294,True,2.600239999992482e-07,True
w8_n100,0,0,training,1042,2042,3042,4042,85142,100,200,500,8,2033,2033,20.33,91.02287951947282,6.300217984482836,1.1202049929077897,0.8908002312967405,65.37394049012117,1.4573859284079602,0.996297084725894,0.1020702648986759,5.180012991575046,64.83873224907734,6.070813222871785,0.12967746449815468,0.36010757350846523,1.008254452585344,1.0377862679085035,0.03708985593921822,0.0,0.0003314479999971809,0.008831189999909839,0.0003314479999971809,0.0,True,1.9835000011880765e-07,True
w8_n100,0,0,validation,1042,2042,3042,4042,85142,100,200,500,8,2033,2033,20.33,94.46229443079906,5.60351939811515,0.8607167993170549,0.8908002312967405,69.75555187904833,0.9674939515032193,-0.8033604714745278,-0.09779056156501817,4.742802598798094,72.32976677350062,5.6336028300948335,0.14465953354700126,0.3803413382042521,0.964410020807707,1.0377862679085035,0.03708985593921822,0.0,0.0003314479999971809,0.008831189999909839,0.0003314479999971809,0.0,True,1.9835000011880765e-07,True
w8_n100,0,0,test,1042,2042,3042,4042,85142,100,200,500,8,2033,2033,20.33,102.868439919564,6.149411986176468,0.9035277133681086,0.8908002312967405,72.9338871112683,1.0438012095737559,-0.7612250359045671,-0.0872447867006185,5.24588427280836,75.5001383926512,6.1366845041051,0.1510002767853024,0.38858754069746293,0.9660099791071022,1.0377862679085035,0.03708985593921822,0.0,0.0003314479999971809,0.008831189999909839,0.0003314479999971809,0.0,True,1.9835000011880765e-07,True
w8_n100,0,1,training,1042,2042,3042,4042,85142,100,200,500,8,2033,2033,20.33,82.3038403508764,6.300217984482836,1.4269671778771482,0.9971998008023714,65.37394049012117,1.8373820987255005,4.032294159679186,0.3679172366675537,4.873250806605688,59.146734269488284,5.87045060740806,0.11829346853897657,0.34393817546032396,1.1052840245119886,1.1282955856750112,0.12070816278645545,0.0009171599999717728,0.0003314479999971809,0.008831189999909839,0.0012486079999689537,0.0012486079999689537,True,2.0233600025676424e-07,True
w8_n100,0,1,validation,1042,2042,3042,4042,85142,100,200,500,8,2033,2033,20.33,92.8630597519947,5.60351939811515,0.9320665608352938,0.9971998008023714,69.75555187904833,1.0268900809757429,-0.3075670305732312,-0.03634029184598146,4.671452837279855,71.39757602117054,5.668652638082226,0.14279515204234108,0.37788245797118064,0.9770016822190809,1.1282955856750112,0.12070816278645545,0.0009171599999717728,0.0003314479999971809,0.008831189999909839,0.0012486079999689537,0.0012486079999689537,True,2.0233600025676424e-07,True
w8_n100,0,1,test,1042,2042,3042,4042,85142,100,200,500,8,2033,2033,20.33,100.8802613372426,6.149411986176468,1.0076027042348248,0.9971998008023714,72.9338871112683,1.1235879930093025,-0.26688301167950973,-0.029481712370704797,5.141809281941644,74.59124112763664,6.139009082744014,0.14918248225527328,0.38624148178992024,0.9777808494494367,1.1282955856750112,0.12070816278645545,0.0009171599999717728,0.0003314479999971809,0.008831189999909839,0.0012486079999689537,0.0012486079999689537,True,2.0233600025676424e-07,True
w8_n100,0,2,training,1042,2042,3042,4042,85142,100,200,500,8,2033,2033,20.33,74.05411847197095,6.300217984482836,1.7492236247593569,1.1128893034270253,65.37394049012117,2.647090967167264,7.069824410595718,0.537429947106281,4.550994359723479,53.881382636097,5.6638836631505045,0.107762765272194,0.32827239492865373,1.213293670127999,1.2322179982966417,0.20881579612746465,0.005171960000097897,0.0003314479999971809,0.008831189999909839,0.005503408000095078,0.005503408000095078,True,2.261219997308217e-07,True
w8_n100,0,2,validation,1042,2042,3042,4042,85142,100,200,500,8,2033,2033,20.33,91.25081762915441,5.60351939811515,1.0182648473998357,1.1128893034270253,69.75555187904833,1.1433610905849227,0.15987943240511024,0.017902410197291083,4.585254550715313,70.57915410482305,5.698143854142338,0.1411583082096461,0.375710404713053,0.9883308005568965,1.2322179982966417,0.20881579612746465,0.005171960000097897,0.0003314479999971809,0.008831189999909839,0.005503408000095078,0.005503408000095078,True,2.261219997308217e-07,True
w8_n100,0,2,test,1042,2042,3042,4042,85142,100,200,500,8,2033,2033,20.33,98.9438436788381,6.149411986176468,1.1191066509994567,1.1128893034270253,72.9338871112683,1.2694120861250493,0.2079261950254343,0.02160942502445431,5.030305335177013,73.78744680734249,6.143194638604037,0.14757489361468498,0.38415477820103316,0.9884321828033593,1.2322179982966417,0.20881579612746465,0.005171960000097897,0.0003314479999971809,0.008831189999909839,0.005503408000095078,0.005503408000095078,True,2.261219997308217e-07,True
w32_n200,0,0,training,1042,2042,3042,4042,5042,200,200,500,32,8129,8129,40.645,77.51399451738357,5.202904719236872,0.10815620512317228,0.09314692038365258,50.99452317302162,1.0441890466709933,0.1110485242584546,0.015218135871339671,5.094748514113699,51.8166151711757,5.187895434497352,0.10363323034235139,0.321921155474988,0.9841345870347126,1.2808591160500888,0.24753103720213507,0.0,0.0005612259999452363,0.008831189999909839,0.0005612259999452363,0.0,True,3.7279600019246574e-07,True
w32_n200,0,0,validation,1042,2042,3042,4042,5042,200,200,500,32,8129,8129,40.645,99.28450649904735,5.60351939811515,0.19811423827640895,0.09314692038365258,69.75555187904833,1.230717661470171,0.284038510442136,0.03065551527798925,5.40540515983874,70.41819251963425,5.498552080222392,0.14083638503926849,0.375281740881792,0.9905899226197667,1.2808591160500888,0.24753103720213507,0.0,0.0005612259999452363,0.008831189999909839,0.0005612259999452363,0.0,True,3.7279600019246574e-07,True
w32_n200,0,0,test,1042,2042,3042,4042,5042,200,200,500,32,8129,8129,40.645,109.27302416217968,6.149411986176468,0.2244978360645839,0.09314692038365258,72.9338871112683,1.3605225967979018,-0.011320434535868912,-0.0011364374518887319,5.924914150111885,74.31705057713793,6.018061070495536,0.14863410115427586,0.3855309341081152,0.9813883428482678,1.2808591160500888,0.24753103720213507,0.0,0.0005612259999452363,0.008831189999909839,0.0005612259999452363,0.0,True,3.7279600019246574e-07,True
w32_n200,0,1,training,1042,2042,3042,4042,5042,200,200,500,32,8129,8129,40.645,63.515360562622654,5.202904719236872,0.7365648555739943,0.3998049232760049,50.99452317302162,1.2881589332964027,4.248291412516532,0.5241647449472635,4.466339863662877,43.786099281284955,4.866144786938881,0.08757219856256991,0.29592600183588114,1.16462813564253,1.475778286322219,0.3891855023764287,0.002370417999827623,0.0005612259999452363,0.008831189999909839,0.0029316439997728594,0.0029316439997728594,True,3.5851000029651913e-07,True
w32_n200,0,1,validation,1042,2042,3042,4042,5042,200,200,500,32,8129,8129,40.645,93.73458996624511,5.60351939811515,0.48282921458498324,0.3998049232760049,69.75555187904833,1.3605956648490634,1.6318818068517618,0.1675076977770391,5.120690183530165,67.85238393019387,5.52049510680617,0.13570476786038774,0.36838128055099073,1.0280486526576933,1.475778286322219,0.3891855023764287,0.002370417999827623,0.0005612259999452363,0.008831189999909839,0.0029316439997728594,0.0029316439997728594,True,3.5851000029651913e-07,True
w32_n200,0,1,test,1042,2042,3042,4042,5042,200,200,500,32,8129,8129,40.645,104.05096509309291,6.149411986176468,0.498243643786435,0.3998049232760049,72.9338871112683,1.4126518457389865,1.0433789679517576,0.10279212098140386,5.651168342390034,72.25978102110379,6.050973265666038,0.1445195620422076,0.3801572859254543,1.0093289251730175,1.475778286322219,0.3891855023764287,0.002370417999827623,0.0005612259999452363,0.008831189999909839,0.0029316439997728594,0.0029316439997728594,True,3.5851000029651913e-07,True
w32_n200,0,2,training,1042,2042,3042,4042,5042,200,200,500,32,8129,8129,40.645,52.36552380464361,5.202904719236872,1.3276450493810434,0.7149379189811534,50.99452317302162,2.2852598933905113,7.872109474998778,0.7292250158021345,3.875259669855828,37.535564116414584,4.590197588836981,0.07507112823282917,0.2739911097696952,1.3585655197525413,1.6910723505166851,0.5253628546408358,0.00800427900003342,0.0005612259999452363,0.008831189999909839,0.008565504999978657,0.008565504999978657,True,3.578480000214768e-07,True
w32_n200,0,2,validation,1042,2042,3042,4042,5042,200,200,500,32,8129,8129,40.645,88.5538894263561,5.60351939811515,0.7725656718286976,0.7149379189811534,69.75555187904833,1.6973669449535915,2.954712919118981,0.271542637116314,4.8309537262864515,65.54349298576396,5.545891645267605,0.13108698597152793,0.36205936802067135,1.0642635706674837,1.6910723505166851,0.5253628546408358,0.00800427900003342,0.0005612259999452363,0.008831189999909839,0.008565504999978657,0.008565504999978657,True,3.578480000214768e-07,True
w32_n200,0,2,test,1042,2042,3042,4042,5042,200,200,500,32,8129,8129,40.645,99.11674397892035,6.149411986176468,0.7900483620174886,0.7149379189811534,72.9338871112683,1.693454789764117,2.0461531534411166,0.18411393226499412,5.35936362415898,70.5350355941502,6.074301543140133,0.1410700711883004,0.37559295944985494,1.0340093614033286,1.6910723505166851,0.5253628546408358,0.00800427900003342,0.0005612259999452363,0.008831189999909839,0.008565504999978657,0.008565504999978657,True,3.578480000214768e-07,True
w32_n400,0,0,training,1042,2042,3042,4042,5042,400,200,500,32,8129,8129,20.3225,97.42329779308693,6.097195295318519,0.13042635998937652,0.09314692038365258,61.09508315772148,1.1878798535907191,0.15352849037887864,0.018021859147428623,5.966768935329141,61.97590603055444,6.059915855712795,0.12395181206110888,0.35206790830904894,0.9857876563773234,1.0191043492483016,0.01892415257797543,0.0,0.0013660659999459313,0.008831189999909839,0.0013660659999459313,0.0,True,3.6345599983178545e-07,True
w32_n400,0,0,validation,1042,2042,3042,4042,5042,400,200,500,32,8129,8129,20.3225,99.28450649904735,5.60351939811515,0.19811423827640895,0.09314692038365258,69.75555187904833,1.230717661470171,0.284038510442136,0.03065551527798925,5.40540515983874,70.41819251963425,5.498552080222392,0.14083638503926849,0.375281740881792,0.9905899226197667,1.0191043492483016,0.01892415257797543,0.0,0.0013660659999459313,0.008831189999909839,0.0013660659999459313,0.0,True,3.6345599983178545e-07,True
w32_n400,0,0,test,1042,2042,3042,4042,5042,400,200,500,32,8129,8129,20.3225,109.27302416217968,6.149411986176468,0.2244978360645839,0.09314692038365258,72.9338871112683,1.3605225967979018,-0.011320434535868912,-0.0011364374518887319,5.924914150111885,74.31705057713793,6.018061070495536,0.14863410115427586,0.3855309341081152,0.9813883428482678,1.0191043492483016,0.01892415257797543,0.0,0.0013660659999459313,0.008831189999909839,0.0013660659999459313,0.0,True,3.6345599983178545e-07,True
w32_n400,0,1,training,1042,2042,3042,4042,5042,400,200,500,32,8129,8129,20.3225,73.79726323865026,6.097195295318519,1.1552476077796332,0.7301185884779401,61.09508315772148,2.031698457766978,6.814309959483922,0.6116304922877551,4.941947687538885,49.49816169652062,5.672066276016826,0.09899632339304124,0.31463681188481624,1.23428994257005,1.1940915489754627,0.17738568621489992,0.0030328929999541288,0.0013660659999459313,0.008831189999909839,0.00439895899990006,0.00439895899990006,True,1.1990347999926599e-05,True
w32_n400,0,1,validation,1042,2042,3042,4042,5042,400,200,500,32,8129,8129,20.3225,88.12068837078985,5.60351939811515,0.7475930949978866,0.7301185884779401,69.75555187904833,1.7081659413446875,3.299362372767487,0.30225646481372453,4.855926303117263,64.86499307485803,5.586044891595203,0.12972998614971606,0.36018049107317857,1.0753959658724745,1.1940915489754627,0.17738568621489992,0.0030328929999541288,0.0013660659999459313,0.008831189999909839,0.00439895899990006,0.00439895899990006,True,1.1990347999926599e-05,True
w32_n400,0,1,test,1042,2042,3042,4042,5042,400,200,500,32,8129,8129,20.3225,96.65838306310417,6.149411986176468,0.845973264444863,0.7301185884779401,72.9338871112683,1.843870465071547,3.0542491348923635,0.26337501620829074,5.303438721731605,68.66925930655512,6.033557310209546,0.13733851861311025,0.37059211893011196,1.0621038853160614,1.1940915489754627,0.17738568621489992,0.0030328929999541288,0.0013660659999459313,0.008831189999909839,0.00439895899990006,0.00439895899990006,True,1.1990347999926599e-05,True
w32_n400,0,2,training,1042,2042,3042,4042,5042,400,200,500,32,8129,8129,20.3225,56.130942461589946,6.097195295318519,2.1134007195379754,1.360053893972085,61.09508315772148,4.569768930520183,12.651812891453442,0.7571858859204931,3.983794575780544,40.3612263053348,5.343848469752629,0.08072245261066961,0.2841169699448972,1.5137073065008968,1.4010513296997764,0.33722290458505777,0.050715477000039755,0.0013660659999459313,0.008831189999909839,0.052081542999985686,0.052081542999985686,True,3.820719998657296e-07,True
w32_n400,0,2,validation,1042,2042,3042,4042,5042,400,200,500,32,8129,8129,20.3225,78.64233157311223,5.60351939811515,1.2954491897083014,1.360053893972085,69.75555187904833,2.721912121746306,6.046338707658826,0.43879940776508986,4.308070208406848,60.384786585476995,5.6681241023789335,0.12076957317095399,0.34751916950141615,1.1551842081996373,1.4010513296997764,0.33722290458505777,0.050715477000039755,0.0013660659999459313,0.008831189999909839,0.052081542999985686,0.052081542999985686,True,3.820719998657296e-07,True
w32_n400,0,2,test,1042,2042,3042,4042,5042,400,200,500,32,8129,8129,20.3225,86.22334245213587,6.149411986176468,1.4593146005135613,1.360053893972085,72.9338871112683,3.09652497334523,5.837686520696629,0.3884532830527696,4.690097385662907,64.35503904322027,6.050151279634992,0.12871007808644055,0.3587618682168446,1.133304993604099,1.4010513296997764,0.33722290458505777,0.050715477000039755,0.0013660659999459313,0.008831189999909839,0.052081542999985686,0.052081542999985686,True,3.820719998657296e-07,True
w32_n100,1,0,training,101042,102042,103042,104042,105042,100,200,500,32,8129,8129,81.29,97.78705974107868,5.467585340870404,0.6003870953499679,0.3986851219331622,72.37647121656738,1.6094854682670745,-0.42997164742190225,-0.03983800543584484,4.867198245520437,74.84589997967825,5.265883367453598,0.1496917999593565,0.38690024548888113,0.9670064924894837,1.1624001180753047,0.15048693485282352,0.0,0.00042230700000800425,0.01015178200009359,0.00042230700000800425,0.0,True,3.5139600004185924e-07,True
w32_n100,1,0,validation,101042,102042,103042,104042,105042,100,200,500,32,8129,8129,81.29,113.66768978926673,6.753226286112481,0.36106074698857055,0.3986851219331622,71.44203577021446,1.2527923529886813,-0.23947513925443858,-0.025313020849487985,6.392165539123911,73.17377840171201,6.790850661057074,0.14634755680342404,0.3825539920108324,0.9763338361183077,1.1624001180753047,0.15048693485282352,0.0,0.00042230700000800425,0.01015178200009359,0.00042230700000800425,0.0,True,3.5139600004185924e-07,True
w32_n100,1,0,test,101042,102042,103042,104042,105042,100,200,500,32,8129,8129,81.29,77.95363706658061,5.589338527705838,0.39805838909225233,0.3986851219331622,49.950371704576334,1.2019129426703734,0.022912068604954993,0.002957048399597426,5.191280138613585,51.1064605100368,5.589965260546747,0.1022129210200736,0.3197075554629161,0.9773788128952225,1.1624001180753047,0.15048693485282352,0.0,0.00042230700000800425,0.01015178200009359,0.00042230700000800425,0.0,True,3.5139600004185924e-07,True
w32_n100,1,1,training,101042,102042,103042,104042,105042,100,200,500,32,8129,8129,81.29,74.90789410369335,5.467585340870404,1.351137213694376,0.694968341407483,72.37647121656738,2.5264306705243778,8.177335327403298,0.6047270734696227,4.116448127176027,58.548231232285175,4.811416468583511,0.11709646246457035,0.3421936037750711,1.2361854439192164,1.420898551415815,0.3512894541778167,0.01208783099991706,0.00042230700000800425,0.01015178200009359,0.012510137999925064,0.012510137999925064,True,3.5297800013722736e-07,True
w32_n100,1,1,validation,101042,102042,103042,104042,105042,100,200,500,32,8129,8129,81.29,106.43651822154716,6.753226286112481,0.698341214496833,0.694968341407483,71.44203577021446,1.4112983366968586,1.3639107765344942,0.13583123058470895,6.054885071615648,70.12551255384233,6.749853413023131,0.14025102510768467,0.37450103485529207,1.0187738123890546,1.420898551415815,0.3512894541778167,0.01208783099991706,0.00042230700000800425,0.01015178200009359,0.012510137999925064,0.012510137999925064,True,3.5297800013722736e-07,True
w32_n100,1,1,test,101042,102042,103042,104042,105042,100,200,500,32,8129,8129,81.29,73.0038433155402,5.589338527705838,0.7047182766154702,0.694968341407483,49.950371704576334,1.3366018832176099,1.0220798208618727,0.12508764536105144,4.884620251090368,49.2428139460702,5.57958859249785,0.0984856278921404,0.31382419902254255,1.014368751535626,1.420898551415815,0.3512894541778167,0.01208783099991706,0.00042230700000800425,0.01015178200009359,0.012510137999925064,0.012510137999925064,True,3.5297800013722736e-07,True
w32_n100,1,2,training,101042,102042,103042,104042,105042,100,200,500,32,8129,8129,81.29,57.31677098228849,5.467585340870404,2.0368939462751037,1.0012798678225157,72.37647121656738,5.348729076139127,15.859000380020804,0.8060311145005008,3.4306913945953,46.00719953266491,4.431971262417815,0.09201439906532982,0.30333875298967294,1.5731553311602982,1.7388777808180198,0.5532399516015635,0.018336807999958182,0.00042230700000800425,0.01015178200009359,0.018759114999966187,0.018759114999966187,True,3.56603999989602e-07,True
w32_n100,1,2,validation,101042,102042,103042,104042,105042,100,200,500,32,8129,8129,81.29,99.66685952933648,6.753226286112481,1.0488165395576783,1.0012798678225157,71.44203577021446,1.9269394097291848,2.9525433825612564,0.25164328581062145,5.704409746554803,67.46388841482113,6.7056896143773175,0.13492777682964224,0.3673251649828014,1.0589670629557038,1.7388777808180198,0.5532399516015635,0.018336807999958182,0.00042230700000800425,0.01015178200009359,0.018759114999966187,0.018759114999966187,True,3.56603999989602e-07,True
w32_n100,1,2,test,101042,102042,103042,104042,105042,100,200,500,32,8129,8129,81.29,68.50128942800542,5.589338527705838,1.02164342849721,1.0012798678225157,49.950371704576334,1.7544086611849785,1.9859318118030527,0.2121434313341635,4.567695099208628,47.732916742155204,5.568974967031143,0.09546583348431041,0.3089754577378443,1.046455467500539,1.7388777808180198,0.5532399516015635,0.018336807999958182,0.00042230700000800425,0.01015178200009359,0.018759114999966187,0.018759114999966187,True,3.56603999989602e-07,True
w16_n100,1,0,training,101042,102042,103042,104042,265142,100,200,500,16,4065,4065,40.65,106.22021504864409,5.467585340870404,-0.3799307627286751,-0.20525877295696132,72.37647121656738,1.5329090460674717,0.5775333299065503,0.054830241253926056,5.847516103599079,72.75431360282175,5.642257330642118,0.1455086272056435,0.3814559308827738,0.9948065981583294,1.1496264641637584,0.13943707584109516,0.0,0.00042230700000800425,0.01015178200009359,0.00042230700000800425,0.0,True,2.424519998385222e-07,True
w16_n100,1,0,validation,101042,102042,103042,104042,265142,100,200,500,16,4065,4065,40.65,122.11357024908673,6.753226286112481,-0.10364670136590835,-0.20525877295696132,71.44203577021446,1.703495880172583,-1.1643513017793055,-0.10554473615102034,6.85687298747839,75.47423425394565,6.651614214521428,0.15094846850789131,0.3885208726798231,0.9465751653714805,1.1496264641637584,0.13943707584109516,0.0,0.00042230700000800425,0.01015178200009359,0.00042230700000800425,0.0,True,2.424519998385222e-07,True
w16_n100,1,0,test,101042,102042,103042,104042,265142,100,200,500,16,4065,4065,40.65,86.4631420703556,5.589338527705838,-0.17547433110639013,-0.20525877295696132,49.950371704576334,1.690832828548391,-0.8477718683218025,-0.09224849794411824,5.7648128588122285,53.336748269768336,5.559554085855266,0.10667349653953667,0.32660908826843243,0.9365095047027562,1.1496264641637584,0.13943707584109516,0.0,0.00042230700000800425,0.01015178200009359,0.00042230700000800425,0.0,True,2.424519998385222e-07,True
w16_n100,1,1,training,101042,102042,103042,104042,265142,100,200,500,16,4065,4065,40.65,90.53092543473967,5.467585340870404,0.16271001843826155,-0.024475607148324464,72.37647121656738,1.719331313707093,5.538192553930099,0.496466058168763,5.304875322432142,63.01941742241429,5.280399715283817,0.12603883484482858,0.355019485162193,1.1484789002639215,1.2939956366836385,0.25773482411292986,0.0019123340000533062,0.00042230700000800425,0.01015178200009359,0.0023346410000613105,0.0023346410000613105,True,2.3864400009188103e-07,True
w16_n100,1,1,validation,101042,102042,103042,104042,265142,100,200,500,16,4065,4065,40.65,117.14662249748497,6.753226286112481,0.09998861183262216,-0.024475607148324464,71.44203577021446,1.7270638771089613,-0.0390938683121995,-0.0035194721639357114,6.653237674279859,73.24728738394782,6.628762067131536,0.14649457476789565,0.3827460969989056,0.9753540140774007,1.2939956366836385,0.25773482411292986,0.0019123340000533062,0.00042230700000800425,0.01015178200009359,0.0023346410000613105,0.0023346410000613105,True,2.3864400009188103e-07,True
w16_n100,1,1,test,101042,102042,103042,104042,265142,100,200,500,16,4065,4065,40.65,83.2148907994451,5.589338527705838,0.004043819207935382,-0.024475607148324464,49.950371704576334,1.708719318650718,-0.2322650187824849,-0.025140799184613552,5.585294708497902,52.123621060792026,5.560819101349578,0.10424724212158405,0.32287341501211286,0.958305863790986,1.2939956366836385,0.25773482411292986,0.0019123340000533062,0.00042230700000800425,0.01015178200009359,0.0023346410000613105,0.0023346410000613105,True,2.3864400009188103e-07,True
w16_n100,1,2,training,101042,102042,103042,104042,265142,100,200,500,16,4065,4065,40.65,78.22677284631654,5.467585340870404,0.6540527911702141,0.15710590855673406,72.37647121656738,2.605210596213798,9.684438260282848,0.7052682197190197,4.81353254970019,55.6128052922155,4.970638458256923,0.11122561058443099,0.3335050383194098,1.301435358929797,1.4390164682109858,0.36395987204474,0.007832497999970656,0.00042230700000800425,0.01015178200009359,0.00825480499997866,0.00825480499997866,True,2.5361200005136197e-07,True
w16_n100,1,2,validation,101042,102042,103042,104042,265142,100,200,500,16,4065,4065,40.65,112.56961438084947,6.753226286112481,0.2976649180279155,0.15710590855673406,71.44203577021446,1.902173896081688,1.046304931769388,0.08975450433961757,6.455561368084566,71.25159980275737,6.6126672766413,0.14250319960551475,0.37749595972078265,1.0026727254964698,1.4390164682109858,0.36395987204474,0.007832497999970656,0.00042230700000800425,0.01015178200009359,0.00825480499997866,0.00825480499997866,True,2.5361200005136197e-07,True
w16_n100,1,2,test,101042,102042,103042,104042,265142,100,200,500,16,4065,4065,40.65,80.05373328803046,5.589338527705838,0.18479644792121247,0.15710590855673406,49.950371704576334,1.8299463131135827,0.4168833596126217,0.04360396914072871,5.404542079784625,50.94655129846467,5.56164798834136,0.10189310259692934,0.3192069902068708,0.9804465745276392,1.4390164682109858,0.36395987204474,0.007832497999970656,0.00042230700000800425,0.01015178200009359,0.00825480499997866,0.00825480499997866,True,2.5361200005136197e-07,True
w8_n100,1,0,training,101042,102042,103042,104042,185142,100,200,500,8,2033,2033,20.33,100.93772991766693,5.467585340870404,-0.13385095699933156,-0.13468882400154697,72.37647121656738,0.9852721175759371,1.5487295869836264,0.18339977409919944,5.601436297869736,70.26428416017608,5.466747473868188,0.14052856832035215,0.3748714023773381,1.0300606073432175,1.1379166663933662,0.12919910489749184,0.0,0.00042230700000800425,0.01015178200009359,0.00042230700000800425,0.0,True,1.9977200008725048e-07,True
w8_n100,1,0,validation,101042,102042,103042,104042,185142,100,200,500,8,2033,2033,20.33,114.85872514122549,6.753226286112481,-0.052709931381782954,-0.13468882400154697,71.44203577021446,0.595059631584701,1.57736310561045,0.24192153154998752,6.805936217494264,68.88236919057826,6.671247393492718,0.13776473838115652,0.37116672585397054,1.0371599671979097,1.1379166663933662,0.12919910489749184,0.0,0.00042230700000800425,0.01015178200009359,0.00042230700000800425,0.0,True,1.9977200008725048e-07,True
w8_n100,1,0,test,101042,102042,103042,104042,185142,100,200,500,8,2033,2033,20.33,82.70578071744428,5.589338527705838,-0.17268819683357303,-0.13468882400154697,49.950371704576334,0.8271222869630404,0.586728587383962,0.09128155405394846,5.76202672453941,49.604036816771455,5.6273379005378645,0.0992080736335429,0.31497313160576557,1.0069819899756178,1.1379166663933662,0.12919910489749184,0.0,0.00042230700000800425,0.01015178200009359,0.00042230700000800425,0.0,True,1.9977200008725048e-07,True
w8_n100,1,1,training,101042,102042,103042,104042,185142,100,200,500,8,2033,2033,20.33,94.77221337933089,5.467585340870404,0.09176529282343608,-0.04738083247657003,72.37647121656738,1.0390636715827646,3.4386905802633616,0.3965275037593584,5.375820048046968,66.53815372762344,5.328439215570398,0.13307630745524687,0.36479625471658406,1.0877439057423104,1.190466396669683,0.1743451603134711,0.002360960000032719,0.00042230700000800425,0.01015178200009359,0.0027832670000407234,0.0027832670000407234,True,1.9835000011880765e-07,True
w8_n100,1,1,validation,101042,102042,103042,104042,185142,100,200,500,8,2033,2033,20.33,112.82313536610236,6.753226286112481,0.039004111351317095,-0.04738083247657003,71.44203577021446,0.6002326617337869,1.9797493144425415,0.3023245941675882,6.714222174761164,68.08276980306317,6.666841342284595,0.13616553960612635,0.36900615117654384,1.0493409121994939,1.190466396669683,0.1743451603134711,0.002360960000032719,0.00042230700000800425,0.01015178200009359,0.0027832670000407234,0.0027832670000407234,True,1.9835000011880765e-07,True
w8_n100,1,1,test,101042,102042,103042,104042,185142,100,200,500,8,2033,2033,20.33,81.08506511432793,5.589338527705838,-0.07951113217522082,-0.04738083247657003,49.950371704576334,0.8097540188112149,0.8564112344420944,0.1346593263500284,5.668849659881059,49.04730325450337,5.621468827404488,0.09809460650900674,0.3132005851032318,1.0184121937425794,1.190466396669683,0.1743451603134711,0.002360960000032719,0.00042230700000800425,0.01015178200009359,0.0027832670000407234,0.0027832670000407234,True,1.9835000011880765e-07,True
w8_n100,1,2,training,101042,102042,103042,104042,185142,100,200,500,8,2033,2033,20.33,88.91040286795186,5.467585340870404,0.33528845585449957,0.04206889690158621,72.37647121656738,1.2444211380794115,5.209470646006275,0.5489227154106513,5.132296885015904,63.201951062634244,5.174365781917491,0.12640390212526847,0.3555332644426798,1.1451619768010173,1.248132778167864,0.22164865705063885,0.009274917000084315,0.00042230700000800425,0.01015178200009359,0.00969722400009232,0.00969722400009232,True,1.9566399987525073e-07,True
w8_n100,1,2,validation,101042,102042,103042,104042,185142,100,200,500,8,2033,2033,20.33,110.97198813960077,6.753226286112481,0.13211876480501028,0.04206889690158621,71.44203577021446,0.649129028911502,2.310445047358767,0.3392760609387273,6.621107521307472,67.47027470440842,6.663176418209057,0.13494054940881686,0.36734255050132275,1.0588668281433056,1.248132778167864,0.22164865705063885,0.009274917000084315,0.00042230700000800425,0.01015178200009359,0.00969722400009232,0.00969722400009232,True,1.9566399987525073e-07,True
w8_n100,1,2,test,101042,102042,103042,104042,185142,100,200,500,8,2033,2033,20.33,79.60956869228892,5.589338527705838,0.01254023758673694,0.04206889690158621,49.950371704576334,0.8225401735106919,1.0834050755096467,0.16902188640466773,5.5767982901191,48.60610172706774,5.618867187020687,0.09721220345413548,0.3117887160468375,1.0276564038205926,1.248132778167864,0.22164865705063885,0.009274917000084315,0.00042230700000800425,0.01015178200009359,0.00969722400009232,0.00969722400009232,True,1.9566399987525073e-07,True
w32_n200,1,0,training,101042,102042,103042,104042,105042,200,200,500,32,8129,8129,40.645,82.60878101578518,5.0739415636321015,0.5314592825830993,0.3986851219331622,62.17867092129259,1.5808395807254436,0.7367222147572358,0.07430861172166663,4.542482281049002,62.28606607250355,4.941167402982165,0.1245721321450071,0.35294777537903127,0.9982757756592631,1.3759758755857527,0.3191632070796638,0.0,0.0007697850001022744,0.01015178200009359,0.0007697850001022744,0.0,True,3.4873000004154165e-07,True
w32_n200,1,0,validation,101042,102042,103042,104042,105042,200,200,500,32,8129,8129,40.645,113.66768978926673,6.753226286112481,0.36106074698857055,0.3986851219331622,71.44203577021446,1.2527923529886813,-0.23947513925443858,-0.025313020849487985,6.392165539123911,73.17377840171201,6.790850661057074,0.14634755680342404,0.3825539920108324,0.9763338361183077,1.3759758755857527,0.3191632070796638,0.0,0.0007697850001022744,0.01015178200009359,0.0007697850001022744,0.0,True,3.4873000004154165e-07,True
w32_n200,1,0,test,101042,102042,103042,104042,105042,200,200,500,32,8129,8129,40.645,77.95363706658061,5.589338527705838,0.39805838909225233,0.3986851219331622,49.950371704576334,1.2019129426703734,0.022912068604954993,0.002957048399597426,5.191280138613585,51.1064605100368,5.589965260546747,0.1022129210200736,0.3197075554629161,0.9773788128952225,1.3759758755857527,0.3191632070796638,0.0,0.0007697850001022744,0.01015178200009359,0.0007697850001022744,0.0,True,3.4873000004154165e-07,True
w32_n200,1,1,training,101042,102042,103042,104042,105042,200,200,500,32,8129,8129,40.645,66.65673685666702,5.0739415636321015,1.1671198350873455,0.7246507255775534,62.17867092129259,2.1414806290273147,6.334206007301871,0.5489267452269657,3.9068217285447564,51.65173953571616,4.63147245412231,0.10330347907143232,0.3214085858707454,1.2038059411009239,1.5895796887776847,0.4634696346056963,0.0021557879999818397,0.0007697850001022744,0.01015178200009359,0.002925573000084114,0.002925573000084114,True,3.665819999696396e-07,True
w32_n200,1,1,validation,101042,102042,103042,104042,105042,200,200,500,32,8129,8129,40.645,105.9561950275568,6.753226286112481,0.7217320943909159,0.7246507255775534,71.44203577021446,1.4438958241314843,1.479512107330846,0.14567119487606628,6.031494191721565,69.92690737968425,6.756144917299119,0.1398538147593685,0.37397033941125396,1.02166731587747,1.5895796887776847,0.4634696346056963,0.0021557879999818397,0.0007697850001022744,0.01015178200009359,0.002925573000084114,0.002925573000084114,True,3.665819999696396e-07,True
w32_n200,1,1,test,101042,102042,103042,104042,105042,200,200,500,32,8129,8129,40.645,72.43829358467111,5.589338527705838,0.741239719430803,0.7246507255775534,49.950371704576334,1.3366622353890563,1.1273689089239274,0.13797037739403997,4.848098808275035,49.032296122117536,5.572749533852589,0.09806459224423507,0.3131526660340529,1.0187238953723945,1.5895796887776847,0.4634696346056963,0.0021557879999818397,0.0007697850001022744,0.01015178200009359,0.002925573000084114,0.002925573000084114,True,3.665819999696396e-07,True
w32_n200,1,2,training,101042,102042,103042,104042,105042,200,200,500,32,8129,8129,40.645,53.81442376429388,5.0739415636321015,1.7702514135612506,1.0592417636180085,62.17867092129259,3.8652573308588365,11.464147464458254,0.7394892077295978,3.303690150070851,43.11563332323488,4.362931913688859,0.08623126664646977,0.29365160760069026,1.442137483059647,1.8338112937690954,0.6063964752847257,0.008059943000034764,0.0007697850001022744,0.01015178200009359,0.008829728000137038,0.008829728000137038,True,3.519339998092619e-07,True
w32_n200,1,2,validation,101042,102042,103042,104042,105042,200,200,500,32,8129,8129,40.645,98.6854980666381,6.753226286112481,1.0966414109887308,1.0592417636180085,71.44203577021446,1.9785660197970016,3.19846892658396,0.2690233349067577,5.656584875123752,67.02366393684355,6.715826638741759,0.1340473278736871,0.366124743596615,1.0659225648650654,1.8338112937690954,0.6063964752847257,0.008059943000034764,0.0007697850001022744,0.01015178200009359,0.008829728000137038,0.008829728000137038,True,3.519339998092619e-07,True
w32_n200,1,2,test,101042,102042,103042,104042,105042,200,200,500,32,8129,8129,40.645,67.44340324651697,5.589338527705838,1.0877150701199374,1.0592417636180085,49.950371704576334,1.7469820907094864,2.2120088151632906,0.23679540178104205,4.5016234575859,47.27333616495924,5.560865221203909,0.09454667232991848,0.3074844261583316,1.0566288685502465,1.8338112937690954,0.6063964752847257,0.008059943000034764,0.0007697850001022744,0.01015178200009359,0.008829728000137038,0.008829728000137038,True,3.519339998092619e-07,True
w32_n400,1,0,training,101042,102042,103042,104042,105042,400,200,500,32,8129,8129,20.3225,83.15062559092792,5.363597148974152,0.4370580688310459,0.3986851219331622,58.262020101049025,1.656970723813794,0.4457920125564027,0.04537139118130958,4.9265390801431055,59.02740679975002,5.325224202076267,0.11805481359950004,0.3435910557617879,0.9870333673763179,1.3670094359659075,0.3126254603997064,0.0,0.0014702199998737342,0.01015178200009359,0.0014702199998737342,0.0,True,3.541199998835509e-07,True
w32_n400,1,0,validation,101042,102042,103042,104042,105042,400,200,500,32,8129,8129,20.3225,113.66768978926673,6.753226286112481,0.36106074698857055,0.3986851219331622,71.44203577021446,1.2527923529886813,-0.23947513925443858,-0.025313020849487985,6.392165539123911,73.17377840171201,6.790850661057074,0.14634755680342404,0.3825539920108324,0.9763338361183077,1.3670094359659075,0.3126254603997064,0.0,0.0014702199998737342,0.01015178200009359,0.0014702199998737342,0.0,True,3.541199998835509e-07,True
w32_n400,1,0,test,101042,102042,103042,104042,105042,400,200,500,32,8129,8129,20.3225,77.95363706658061,5.589338527705838,0.39805838909225233,0.3986851219331622,49.950371704576334,1.2019129426703734,0.022912068604954993,0.002957048399597426,5.191280138613585,51.1064605100368,5.589965260546747,0.1022129210200736,0.3197075554629161,0.9773788128952225,1.3670094359659075,0.3126254603997064,0.0,0.0014702199998737342,0.01015178200009359,0.0014702199998737342,0.0,True,3.541199998835509e-07,True
w32_n400,1,1,training,101042,102042,103042,104042,105042,400,200,500,32,8129,8129,20.3225,61.33274867333998,5.363597148974152,1.4834507852203436,1.0589401557585985,58.262020101049025,2.8103914616078303,7.339607851910846,0.5735835381468016,3.880146363753808,46.39319585883516,4.939086519512406,0.09278639171767032,0.30460858772803884,1.2558311412373535,1.5891412911967335,0.4631938019129292,0.0031078330000582355,0.0014702199998737342,0.01015178200009359,0.00457805299993197,0.00457805299993197,True,3.5408000030656696e-07,True
w32_n400,1,1,validation,101042,102042,103042,104042,105042,400,200,500,32,8129,8129,20.3225,97.46640341939624,6.753226286112481,1.1096558633379447,1.0589401557585985,71.44203577021446,1.8008851231186744,3.648336676525519,0.32164365842623527,5.643570422774538,65.9462475402821,6.702510578533135,0.1318924950805642,0.3631700635798113,1.0833373912075188,1.5891412911967335,0.4631938019129292,0.0031078330000582355,0.0014702199998737342,0.01015178200009359,0.00457805299993197,0.00457805299993197,True,3.5408000030656696e-07,True
w32_n400,1,1,test,101042,102042,103042,104042,105042,400,200,500,32,8129,8129,20.3225,67.26430803770909,5.589338527705838,1.069999634198983,1.0589401557585985,49.950371704576334,1.5764794259984232,2.2965498121083616,0.25879885696190746,4.519338893506855,46.933751506358035,5.578279049265453,0.09386750301271607,0.30637803937736147,1.064274005409724,1.5891412911967335,0.4631938019129292,0.0031078330000582355,0.0014702199998737342,0.01015178200009359,0.00457805299993197,0.00457805299993197,True,3.5408000030656696e-07,True
w32_n400,1,2,training,101042,102042,103042,104042,105042,400,200,500,32,8129,8129,20.3225,44.992535967788314,5.363597148974152,2.4479264723418708,1.714609073000875,58.262020101049025,5.947274940280258,13.813218712035573,0.7420669863830358,2.9156706766322804,36.58285761725812,4.630279749633155,0.07316571523451625,0.27049161767884095,1.592604402603138,1.8588002439625997,0.6199312494760413,0.02009815100018386,0.0014702199998737342,0.01015178200009359,0.021568371000057596,0.021568371000057596,True,3.59932000264962e-07,True
w32_n400,1,2,validation,101042,102042,103042,104042,105042,400,200,500,32,8129,8129,20.3225,83.63213683342096,6.753226286112481,1.8685164948143853,1.714609073000875,71.44203577021446,3.3349963115003343,7.352462227682795,0.4763303043068393,4.884709791298096,60.0721076263492,6.599318864298972,0.1201442152526984,0.34661825579836153,1.189271337283297,1.8588002439625997,0.6199312494760413,0.02009815100018386,0.0014702199998737342,0.01015178200009359,0.021568371000057596,0.021568371000057596,True,3.59932000264962e-07,True
w32_n400,1,2,test,101042,102042,103042,104042,105042,400,200,500,32,8129,8129,20.3225,57.98583408867385,5.589338527705838,1.7366583224920986,1.714609073000875,49.950371704576334,2.6445534430640487,4.682888763685891,0.4074443553856575,3.8526802052137383,43.22914762026859,5.567289278214614,0.08645829524053718,0.2940379146309829,1.1554789870794584,1.8588002439625997,0.6199312494760413,0.02009815100018386,0.0014702199998737342,0.01015178200009359,0.021568371000057596,0.021568371000057596,True,3.59932000264962e-07,True
