contract_id,method,phase,count,mean,std_dev,median,minimum,maximum,first_quartile,third_quartile
maturity_long,AV,marginal,5,0.4964566866000041,0.0032488731927508806,0.49632248299985804,0.492007306000005,0.5001637479999772,0.4948603400000593,0.498929556000121
maturity_long,AV,pilot,5,0.0,0.0,0.0,0.0,0.0,0.0,0.0
maturity_long,AV,pricing,5,0.4964566866000041,0.0032488731927508806,0.49632248299985804,0.492007306000005,0.5001637479999772,0.4948603400000593,0.498929556000121
maturity_long,AV,setup_cost,5,0.0,0.0,0.0,0.0,0.0,0.0,0.0
maturity_long,AV,standalone,5,0.4964566866000041,0.0032488731927508806,0.49632248299985804,0.492007306000005,0.5001637479999772,0.4948603400000593,0.498929556000121
maturity_long,AV,target_training,5,0.0,0.0,0.0,0.0,0.0,0.0,0.0
maturity_long,GCV,marginal,5,0.39057993300002636,0.0018610883466168757,0.3910919710001508,0.3886363159999746,0.392928098000084,0.3887286530000438,0.3915146269998786
maturity_long,GCV,pilot,5,0.007595707000018592,0.00011523744840444233,0.00758277599993562,0.007480833000045095,0.007779404000075374,0.007520597000166163,0.007614924999870709
maturity_long,GCV,pricing,5,0.39057993300002636,0.0018610883466168757,0.3910919710001508,0.3886363159999746,0.392928098000084,0.3887286530000438,0.3915146269998786
maturity_long,GCV,setup_cost,5,0.007595707000018592,0.00011523744840444233,0.00758277599993562,0.007480833000045095,0.007779404000075374,0.007520597000166163,0.007614924999870709
maturity_long,GCV,standalone,5,0.39817564000004496,0.0018078804733361767,0.3985728040001959,0.3963114289999794,0.4005430229999547,0.39641572000005,0.39903522400004476
maturity_long,GCV,target_training,5,0.0,0.0,0.0,0.0,0.0,0.0,0.0
maturity_long,MC,marginal,5,0.33979638380005783,0.0011995359467073274,0.3400057190001462,0.33790545600004407,0.34103151499994055,0.3395141920000242,0.34052503700013403
maturity_long,MC,pilot,5,0.0,0.0,0.0,0.0,0.0,0.0,0.0
maturity_long,MC,pricing,5,0.33979638380005783,0.0011995359467073274,0.3400057190001462,0.33790545600004407,0.34103151499994055,0.3395141920000242,0.34052503700013403
maturity_long,MC,setup_cost,5,0.0,0.0,0.0,0.0,0.0,0.0,0.0
maturity_long,MC,standalone,5,0.33979638380005783,0.0011995359467073274,0.3400057190001462,0.33790545600004407,0.34103151499994055,0.3395141920000242,0.34052503700013403
maturity_long,MC,target_training,5,0.0,0.0,0.0,0.0,0.0,0.0,0.0
maturity_long,NCV_SCRATCH,marginal,5,0.3307783241999914,0.0016048573920667906,0.3307414280000103,0.32939200900000287,0.33337310799993247,0.3294997739999417,0.3308853020000697
maturity_long,NCV_SCRATCH,ncv_setup,5,12.537097088599921,0.046492915475674045,12.523063052999987,12.483406126999853,12.606702597000094,12.517183215999921,12.555130449999751
maturity_long,NCV_SCRATCH,pilot,5,0.0,0.0,0.0,0.0,0.0,0.0,0.0
maturity_long,NCV_SCRATCH,pricing,5,0.3307783241999914,0.0016048573920667906,0.3307414280000103,0.32939200900000287,0.33337310799993247,0.3294997739999417,0.3308853020000697
maturity_long,NCV_SCRATCH,setup_cost,5,12.537097088599921,0.046492915475674045,12.523063052999987,12.483406126999853,12.606702597000094,12.517183215999921,12.555130449999751
maturity_long,NCV_SCRATCH,standalone,5,12.867875412799913,0.04610455349880673,12.853804480999997,12.812905900999795,12.936094606000097,12.850556323999854,12.886015751999821
maturity_long,NCV_SCRATCH,target_training,5,12.537097088599921,0.046492915475674045,12.523063052999987,12.483406126999853,12.606702597000094,12.517183215999921,12.555130449999751
maturity_long,NCV_TRANSFER_BETA,marginal,5,0.35873794120002456,0.002614134498299164,0.35941032200003065,0.3556091430000379,0.3613433180000811,0.35639473500009444,0.3609321879998788
maturity_long,NCV_TRANSFER_BETA,pilot,5,0.008167385799970362,7.801948197034586e-05,0.008177499999874271,0.008068636999951195,0.008265829000038138,0.008113719999983005,0.008211243000005197
maturity_long,NCV_TRANSFER_BETA,pricing,5,0.35873794120002456,0.002614134498299164,0.35941032200003065,0.3556091430000379,0.3613433180000811,0.35639473500009444,0.3609321879998788
maturity_long,NCV_TRANSFER_BETA,setup_cost,5,12.775714196199896,0.45409108814668886,12.584866652999835,12.535277005999887,13.58675237400007,12.567496630999813,12.604178316999878
maturity_long,NCV_TRANSFER_BETA,standalone,5,13.134452137399922,0.45547868997306357,12.944276974999866,12.896209193999766,13.948095692000152,12.92310577399985,12.960573051999972
maturity_long,NCV_TRANSFER_BETA,target_training,5,0.0,0.0,0.0,0.0,0.0,0.0,0.0
maturity_long,NCV_TRANSFER_BETA1,marginal,5,0.35824206199999936,0.0029798882216971277,0.35889725099991665,0.3550648440000259,0.3618538460000309,0.3553143099998124,0.3600800590002109
maturity_long,NCV_TRANSFER_BETA1,pilot,5,0.0,0.0,0.0,0.0,0.0,0.0,0.0
maturity_long,NCV_TRANSFER_BETA1,pricing,5,0.35824206199999936,0.0029798882216971277,0.35889725099991665,0.3550648440000259,0.3618538460000309,0.3553143099998124,0.3600800590002109
maturity_long,NCV_TRANSFER_BETA1,setup_cost,5,12.767546810399926,0.45403760438603125,12.57665540999983,12.527099506000013,13.578486545000032,12.55938291099983,12.596109679999927
maturity_long,NCV_TRANSFER_BETA1,standalone,5,13.125788872399927,0.45426135170177095,12.931720253999856,12.888953352000044,13.93738379599995,12.91946297000004,12.95142398999974
maturity_long,NCV_TRANSFER_BETA1,target_training,5,0.0,0.0,0.0,0.0,0.0,0.0,0.0
maturity_short,AV,marginal,5,0.4973877455999173,0.004596886771935496,0.4970369400000436,0.49226670199982436,0.5039960669998891,0.4941868659998363,0.4994521529999929
maturity_short,AV,pilot,5,0.0,0.0,0.0,0.0,0.0,0.0,0.0
maturity_short,AV,pricing,5,0.4973877455999173,0.004596886771935496,0.4970369400000436,0.49226670199982436,0.5039960669998891,0.4941868659998363,0.4994521529999929
maturity_short,AV,setup_cost,5,0.0,0.0,0.0,0.0,0.0,0.0,0.0
maturity_short,AV,standalone,5,0.4973877455999173,0.004596886771935496,0.4970369400000436,0.49226670199982436,0.5039960669998891,0.4941868659998363,0.4994521529999929
maturity_short,AV,target_training,5,0.0,0.0,0.0,0.0,0.0,0.0,0.0
maturity_short,GCV,marginal,5,0.3899339984000562,0.0015515804780123106,0.3895526389999304,0.3882974930002092,0.3924536590000116,0.38927601700015657,0.3900901839999733
maturity_short,GCV,pilot,5,0.007547215599970514,5.5409074650108365e-05,0.007563839000113148,0.007488043999956062,0.007615727999791488,0.007492568000088795,0.007575898999903075
maturity_short,GCV,pricing,5,0.3899339984000562,0.0015515804780123106,0.3895526389999304,0.3882974930002092,0.3924536590000116,0.38927601700015657,0.3900901839999733
maturity_short,GCV,setup_cost,5,0.007547215599970514,5.5409074650108365e-05,0.007563839000113148,0.007488043999956062,0.007615727999791488,0.007492568000088795,0.007575898999903075
maturity_short,GCV,standalone,5,0.39748121400002673,0.0015404327377057238,0.3970406829998865,0.3959132210000007,0.40001749800012476,0.39685191600005965,0.3975827520000621
maturity_short,GCV,target_training,5,0.0,0.0,0.0,0.0,0.0,0.0,0.0
maturity_short,MC,marginal,5,0.34027166340001713,0.001139629485256969,0.3401593370001592,0.3391907379998429,0.34180805999994845,0.3392071700000088,0.3409930120001263
maturity_short,MC,pilot,5,0.0,0.0,0.0,0.0,0.0,0.0,0.0
maturity_short,MC,pricing,5,0.34027166340001713,0.001139629485256969,0.3401593370001592,0.3391907379998429,0.34180805999994845,0.3392071700000088,0.3409930120001263
maturity_short,MC,setup_cost,5,0.0,0.0,0.0,0.0,0.0,0.0,0.0
maturity_short,MC,standalone,5,0.34027166340001713,0.001139629485256969,0.3401593370001592,0.3391907379998429,0.34180805999994845,0.3392071700000088,0.3409930120001263
maturity_short,MC,target_training,5,0.0,0.0,0.0,0.0,0.0,0.0,0.0
maturity_short,NCV_SCRATCH,marginal,5,0.3303406661999816,0.0018778182954667442,0.33014464599978055,0.3285474229999181,0.33336505200009015,0.3290589020000425,0.3305873080000765
maturity_short,NCV_SCRATCH,ncv_setup,5,12.585136221599987,0.1441507107014013,12.546593706999829,12.459631495000167,12.83394138199992,12.528886655000179,12.55662786899984
maturity_short,NCV_SCRATCH,pilot,5,0.0,0.0,0.0,0.0,0.0,0.0,0.0
maturity_short,NCV_SCRATCH,pricing,5,0.3303406661999816,0.0018778182954667442,0.33014464599978055,0.3285474229999181,0.33336505200009015,0.3290589020000425,0.3305873080000765
maturity_short,NCV_SCRATCH,setup_cost,5,12.585136221599987,0.1441507107014013,12.546593706999829,12.459631495000167,12.83394138199992,12.528886655000179,12.55662786899984
maturity_short,NCV_SCRATCH,standalone,5,12.915476887799969,0.14311317204842894,12.87673835299961,12.790218803000243,13.162488804999839,12.862251707000269,12.885686770999882
maturity_short,NCV_SCRATCH,target_training,5,12.585136221599987,0.1441507107014013,12.546593706999829,12.459631495000167,12.83394138199992,12.528886655000179,12.55662786899984
maturity_short,NCV_TRANSFER_BETA,marginal,5,0.35751425400007975,0.0028945596979551885,0.35681586900000184,0.3549437880001278,0.36175105500001337,0.3550302890000694,0.3590302690001863
maturity_short,NCV_TRANSFER_BETA,pilot,5,0.008201939600030527,6.832172080006507e-05,0.008212816999957795,0.008120782999867515,0.008277988000145342,0.008143527000129325,0.008254583000052662
maturity_short,NCV_TRANSFER_BETA,pricing,5,0.35751425400007975,0.0028945596979551885,0.35681586900000184,0.3549437880001278,0.36175105500001337,0.3550302890000694,0.3590302690001863
maturity_short,NCV_TRANSFER_BETA,setup_cost,5,12.775748749999957,0.4540469435565117,12.584933397999976,12.53522028899988,13.58669936199999,12.567526437999959,12.60436426299998
maturity_short,NCV_TRANSFER_BETA,standalone,5,13.133263004000037,0.45378126567405935,12.946684452999989,12.890164077000009,13.943515230999992,12.922556727000028,12.963394532000166
maturity_short,NCV_TRANSFER_BETA,target_training,5,0.0,0.0,0.0,0.0,0.0,0.0,0.0
maturity_short,NCV_TRANSFER_BETA1,marginal,5,0.3561696356000084,0.001235569727319456,0.35647597100000894,0.3546164110000518,0.35751493699990533,0.3551755739999862,0.3570652850000897
maturity_short,NCV_TRANSFER_BETA1,pilot,5,0.0,0.0,0.0,0.0,0.0,0.0,0.0
maturity_short,NCV_TRANSFER_BETA1,pricing,5,0.3561696356000084,0.001235569727319456,0.35647597100000894,0.3546164110000518,0.35751493699990533,0.3551755739999862,0.3570652850000897
maturity_short,NCV_TRANSFER_BETA1,setup_cost,5,12.767546810399926,0.45403760438603125,12.57665540999983,12.527099506000013,13.578486545000032,12.55938291099983,12.596109679999927
maturity_short,NCV_TRANSFER_BETA1,standalone,5,13.123716445999936,0.4534486109795106,12.931271820999882,12.884614442999919,13.933662119000019,12.91644819599992,12.952585650999936
maturity_short,NCV_TRANSFER_BETA1,target_training,5,0.0,0.0,0.0,0.0,0.0,0.0,0.0
reference,AV,marginal,5,0.498783680600036,0.0046802281048649195,0.4977017290000276,0.4940914490000523,0.5051834799999142,0.4950593220000883,0.5018824230000973
reference,AV,pilot,5,0.0,0.0,0.0,0.0,0.0,0.0,0.0
reference,AV,pricing,5,0.498783680600036,0.0046802281048649195,0.4977017290000276,0.4940914490000523,0.5051834799999142,0.4950593220000883,0.5018824230000973
reference,AV,setup_cost,5,0.0,0.0,0.0,0.0,0.0,0.0,0.0
reference,AV,standalone,5,0.498783680600036,0.0046802281048649195,0.4977017290000276,0.4940914490000523,0.5051834799999142,0.4950593220000883,0.5018824230000973
reference,AV,target_training,5,0.0,0.0,0.0,0.0,0.0,0.0,0.0
reference,GCV,marginal,5,0.3977675442000418,0.010895481162656687,0.39325354699985837,0.39163558800009923,0.41720168000006197,0.39284087800001544,0.39390602800017405
reference,GCV,pilot,5,0.007579671399980725,9.546099567384346e-05,0.007594118000042727,0.0074778590001187695,0.007709554000030039,0.007494759999872258,0.007622065999839833
reference,GCV,pricing,5,0.3977675442000418,0.010895481162656687,0.39325354699985837,0.39163558800009923,0.41720168000006197,0.39284087800001544,0.39390602800017405
reference,GCV,setup_cost,5,0.007579671399980725,9.546099567384346e-05,0.007594118000042727,0.0074778590001187695,0.007709554000030039,0.007494759999872258,0.007622065999839833
reference,GCV,standalone,5,0.4053472156000225,0.010916138077323712,0.40073140599997714,0.39922970600014196,0.4248237459999018,0.4005504320000455,0.4014007880000463
reference,GCV,target_training,5,0.0,0.0,0.0,0.0,0.0,0.0,0.0
reference,MC,marginal,5,0.315922238200028,0.002790625974176779,0.3147967750001044,0.31344425300017065,0.3199194910000642,0.3137647589999233,0.3176859129998775
reference,MC,pilot,5,0.0,0.0,0.0,0.0,0.0,0.0,0.0
reference,MC,pricing,5,0.315922238200028,0.002790625974176779,0.3147967750001044,0.31344425300017065,0.3199194910000642,0.3137647589999233,0.3176859129998775
reference,MC,setup_cost,5,0.0,0.0,0.0,0.0,0.0,0.0,0.0
reference,MC,standalone,5,0.315922238200028,0.002790625974176779,0.3147967750001044,0.31344425300017065,0.3199194910000642,0.3137647589999233,0.3176859129998775
reference,MC,target_training,5,0.0,0.0,0.0,0.0,0.0,0.0,0.0
reference,NCV_SCRATCH,marginal,5,0.33181154640005844,0.0015029259180470893,0.33226819500009697,0.3291975829999956,0.333018008000181,0.3320793650000269,0.33249458099999174
reference,NCV_SCRATCH,ncv_setup,5,12.54408767900004,0.02112730571522143,12.538067612000077,12.521844804000011,12.567101635999961,12.527856836000183,12.565567506999969
reference,NCV_SCRATCH,pilot,5,0.0,0.0,0.0,0.0,0.0,0.0,0.0
reference,NCV_SCRATCH,pricing,5,0.33181154640005844,0.0015029259180470893,0.33226819500009697,0.3291975829999956,0.333018008000181,0.3320793650000269,0.33249458099999174
reference,NCV_SCRATCH,setup_cost,5,12.54408767900004,0.02112730571522143,12.538067612000077,12.521844804000011,12.567101635999961,12.527856836000183,12.565567506999969
reference,NCV_SCRATCH,standalone,5,12.875899225400099,0.02002708497618539,12.870335807000174,12.854862812000192,12.897646871999996,12.860351417000174,12.896299218999957
reference,NCV_SCRATCH,target_training,5,12.54408767900004,0.02112730571522143,12.538067612000077,12.521844804000011,12.567101635999961,12.527856836000183,12.565567506999969
reference,SHARED_REFERENCE_TRAINING,shared_reference_training,5,12.767546810399926,0.45403760438603125,12.57665540999983,12.527099506000013,13.578486545000032,12.55938291099983,12.596109679999927
strike_high,AV,marginal,5,0.49585217860008013,0.003874706687651956,0.4956948490000741,0.49245703500014315,0.5021190509999087,0.49283004900007654,0.49615990900019824
strike_high,AV,pilot,5,0.0,0.0,0.0,0.0,0.0,0.0,0.0
strike_high,AV,pricing,5,0.49585217860008013,0.003874706687651956,0.4956948490000741,0.49245703500014315,0.5021190509999087,0.49283004900007654,0.49615990900019824
strike_high,AV,setup_cost,5,0.0,0.0,0.0,0.0,0.0,0.0,0.0
strike_high,AV,standalone,5,0.49585217860008013,0.003874706687651956,0.4956948490000741,0.49245703500014315,0.5021190509999087,0.49283004900007654,0.49615990900019824
strike_high,AV,target_training,5,0.0,0.0,0.0,0.0,0.0,0.0,0.0
strike_high,GCV,marginal,5,0.3914803294000649,0.003243540723206535,0.3906591780000781,0.38843112400013524,0.3958767460001127,0.38870299700010946,0.3937316019998889
strike_high,GCV,pilot,5,0.007688122600029601,0.0001923695856923339,0.0076864280001700536,0.007514047000086066,0.007987773999957426,0.007525546999886501,0.007726817000047959
strike_high,GCV,pricing,5,0.3914803294000649,0.003243540723206535,0.3906591780000781,0.38843112400013524,0.3958767460001127,0.38870299700010946,0.3937316019998889
strike_high,GCV,setup_cost,5,0.007688122600029601,0.0001923695856923339,0.0076864280001700536,0.007514047000086066,0.007987773999957426,0.007525546999886501,0.007726817000047959
strike_high,GCV,standalone,5,0.3991684520000945,0.0034187805270817903,0.39838599500012606,0.39595667100002174,0.4038645200000701,0.39621704400019553,0.40141803000005893
strike_high,GCV,target_training,5,0.0,0.0,0.0,0.0,0.0,0.0,0.0
strike_high,MC,marginal,5,0.3423052078000183,0.002757897700082154,0.3430639700000029,0.33907162099990273,0.345371865000061,0.3397942660001263,0.34422431699999834
strike_high,MC,pilot,5,0.0,0.0,0.0,0.0,0.0,0.0,0.0
strike_high,MC,pricing,5,0.3423052078000183,0.002757897700082154,0.3430639700000029,0.33907162099990273,0.345371865000061,0.3397942660001263,0.34422431699999834
strike_high,MC,setup_cost,5,0.0,0.0,0.0,0.0,0.0,0.0,0.0
strike_high,MC,standalone,5,0.3423052078000183,0.002757897700082154,0.3430639700000029,0.33907162099990273,0.345371865000061,0.3397942660001263,0.34422431699999834
strike_high,MC,target_training,5,0.0,0.0,0.0,0.0,0.0,0.0,0.0
strike_high,NCV_SCRATCH,marginal,5,0.33099198660002005,0.0027142942029455097,0.33036427499996535,0.32821361800006343,0.33529416500005027,0.32943804799992904,0.33164982700009205
strike_high,NCV_SCRATCH,ncv_setup,5,12.564203307399975,0.0758326264213967,12.535538447999897,12.509670344000142,12.697990656000002,12.535158480999826,12.54265860800001
strike_high,NCV_SCRATCH,pilot,5,0.0,0.0,0.0,0.0,0.0,0.0,0.0
strike_high,NCV_SCRATCH,pricing,5,0.33099198660002005,0.0027142942029455097,0.33036427499996535,0.32821361800006343,0.33529416500005027,0.32943804799992904,0.33164982700009205
strike_high,NCV_SCRATCH,setup_cost,5,12.564203307399975,0.0758326264213967,12.535538447999897,12.509670344000142,12.697990656000002,12.535158480999826,12.54265860800001
strike_high,NCV_SCRATCH,standalone,5,12.895195293999995,0.07561118028856717,12.870832612999948,12.839108392000071,13.028354930999967,12.866808307999918,12.870872226000074
strike_high,NCV_SCRATCH,target_training,5,12.564203307399975,0.0758326264213967,12.535538447999897,12.509670344000142,12.697990656000002,12.535158480999826,12.54265860800001
strike_high,NCV_TRANSFER_BETA,marginal,5,0.357631186800063,0.0035010805779479136,0.35732065400020474,0.3532068839999738,0.3627908550001848,0.3562683449999895,0.3585691959999622
strike_high,NCV_TRANSFER_BETA,pilot,5,0.008180465800069214,0.000156643327211485,0.008099393000065902,0.00808138900015365,0.008452682000097411,0.008093082000186769,0.00817578299984234
strike_high,NCV_TRANSFER_BETA,pricing,5,0.357631186800063,0.0035010805779479136,0.35732065400020474,0.3532068839999738,0.3627908550001848,0.3562683449999895,0.3585691959999622
strike_high,NCV_TRANSFER_BETA,setup_cost,5,12.775727276199996,0.4539945990554676,12.584736798999984,12.535198899000079,13.58657962700022,12.567558693999672,12.604562362000024
strike_high,NCV_TRANSFER_BETA,standalone,5,13.133358463000059,0.456953380891429,12.941005143999973,12.888405783000053,13.949370482000404,12.926127889999634,12.961883016000229
strike_high,NCV_TRANSFER_BETA,target_training,5,0.0,0.0,0.0,0.0,0.0,0.0,0.0
strike_high,NCV_TRANSFER_BETA1,marginal,5,0.3559067079999295,0.0022998210310737036,0.3556610959999489,0.3533050490000278,0.3590429809999023,0.3542705999998361,0.3572538139999324
strike_high,NCV_TRANSFER_BETA1,pilot,5,0.0,0.0,0.0,0.0,0.0,0.0,0.0
strike_high,NCV_TRANSFER_BETA1,pricing,5,0.3559067079999295,0.0022998210310737036,0.3556610959999489,0.3533050490000278,0.3590429809999023,0.3542705999998361,0.3572538139999324
strike_high,NCV_TRANSFER_BETA1,setup_cost,5,12.767546810399926,0.45403760438603125,12.57665540999983,12.527099506000013,13.578486545000032,12.55938291099983,12.596109679999927
strike_high,NCV_TRANSFER_BETA1,standalone,5,13.123453518399856,0.45490583894850223,12.932316505999779,12.880404555000041,13.935740358999965,12.913653510999666,12.955152660999829
strike_high,NCV_TRANSFER_BETA1,target_training,5,0.0,0.0,0.0,0.0,0.0,0.0,0.0
strike_low,AV,marginal,5,0.49396052659994893,0.002753200385803124,0.4946008019999226,0.4892794669999603,0.4960775570000351,0.49400973000001613,0.49583507699981055
strike_low,AV,pilot,5,0.0,0.0,0.0,0.0,0.0,0.0,0.0
strike_low,AV,pricing,5,0.49396052659994893,0.002753200385803124,0.4946008019999226,0.4892794669999603,0.4960775570000351,0.49400973000001613,0.49583507699981055
strike_low,AV,setup_cost,5,0.0,0.0,0.0,0.0,0.0,0.0,0.0
strike_low,AV,standalone,5,0.49396052659994893,0.002753200385803124,0.4946008019999226,0.4892794669999603,0.4960775570000351,0.49400973000001613,0.49583507699981055
strike_low,AV,target_training,5,0.0,0.0,0.0,0.0,0.0,0.0,0.0
strike_low,GCV,marginal,5,0.38970934700000726,0.0032060100654711147,0.388514707000013,0.3866256850001264,0.39413327900001605,0.3873347839999042,0.39193827999997666
strike_low,GCV,pilot,5,0.007513977799953863,6.145047200923704e-05,0.007507083000064085,0.007454385999835722,0.007615536000002976,0.00747945900002378,0.007513424999842755
strike_low,GCV,pricing,5,0.38970934700000726,0.0032060100654711147,0.388514707000013,0.3866256850001264,0.39413327900001605,0.3873347839999042,0.39193827999997666
strike_low,GCV,setup_cost,5,0.007513977799953863,6.145047200923704e-05,0.007507083000064085,0.007454385999835722,0.007615536000002976,0.00747945900002378,0.007513424999842755
strike_low,GCV,standalone,5,0.39722332479996114,0.003242672117222061,0.3959941660000368,0.3940800709999621,0.4016467039998588,0.39484186699996826,0.39955381599997963
strike_low,GCV,target_training,5,0.0,0.0,0.0,0.0,0.0,0.0,0.0
strike_low,MC,marginal,5,0.34061918739998875,0.003015800613592871,0.3393125410000266,0.3385098900000685,0.34590944999990825,0.33919195700013915,0.34017209899980116
strike_low,MC,pilot,5,0.0,0.0,0.0,0.0,0.0,0.0,0.0
strike_low,MC,pricing,5,0.34061918739998875,0.003015800613592871,0.3393125410000266,0.3385098900000685,0.34590944999990825,0.33919195700013915,0.34017209899980116
strike_low,MC,setup_cost,5,0.0,0.0,0.0,0.0,0.0,0.0,0.0
strike_low,MC,standalone,5,0.34061918739998875,0.003015800613592871,0.3393125410000266,0.3385098900000685,0.34590944999990825,0.33919195700013915,0.34017209899980116
strike_low,MC,target_training,5,0.0,0.0,0.0,0.0,0.0,0.0,0.0
strike_low,NCV_SCRATCH,marginal,5,0.3311525076000635,0.0023293923080593627,0.33070294200001626,0.3288008960000752,0.33421042200006923,0.329209161000108,0.33283911700004865
strike_low,NCV_SCRATCH,ncv_setup,5,12.51302571759993,0.0355952211566358,12.532240808999859,12.469974499000045,12.54706496000017,12.479334562999838,12.536513756999739
strike_low,NCV_SCRATCH,pilot,5,0.0,0.0,0.0,0.0,0.0,0.0,0.0
strike_low,NCV_SCRATCH,pricing,5,0.3311525076000635,0.0023293923080593627,0.33070294200001626,0.3288008960000752,0.33421042200006923,0.329209161000108,0.33283911700004865
strike_low,NCV_SCRATCH,setup_cost,5,12.51302571759993,0.0355952211566358,12.532240808999859,12.469974499000045,12.54706496000017,12.479334562999838,12.536513756999739
strike_low,NCV_SCRATCH,standalone,5,12.844178225199993,0.03452135457773445,12.861449969999967,12.800677441000062,12.875865856000246,12.813544984999908,12.869352873999787
strike_low,NCV_SCRATCH,target_training,5,12.51302571759993,0.0355952211566358,12.532240808999859,12.469974499000045,12.54706496000017,12.479334562999838,12.536513756999739
strike_low,NCV_TRANSFER_BETA,marginal,5,0.3571987316000559,0.003438887801665622,0.35711611000010635,0.353659301000107,0.3620620819999658,0.3543035699999564,0.358852595000144
strike_low,NCV_TRANSFER_BETA,pilot,5,0.008181160200001614,1.876317500367544e-05,0.00818385900015528,0.008153453999966587,0.008205923999867082,0.00817811700017046,0.00818444699984866
strike_low,NCV_TRANSFER_BETA,pricing,5,0.3571987316000559,0.003438887801665622,0.35711611000010635,0.353659301000107,0.3620620819999658,0.3543035699999564,0.358852595000144
strike_low,NCV_TRANSFER_BETA,setup_cost,5,12.775727970599927,0.45405135743594,12.584808863999797,12.535277623000184,13.5866924689999,12.567566769999985,12.604294126999775
strike_low,NCV_TRANSFER_BETA,standalone,5,13.132926702199985,0.45497059287882013,12.941924973999903,12.88958119300014,13.945545064000044,12.92962885199995,12.957953427999882
strike_low,NCV_TRANSFER_BETA,target_training,5,0.0,0.0,0.0,0.0,0.0,0.0,0.0
strike_low,NCV_TRANSFER_BETA1,marginal,5,0.3556965387999753,0.000720492278339223,0.3553459810000277,0.35496204400010356,0.3566412650000075,0.3552608809998219,0.35627252299991596
strike_low,NCV_TRANSFER_BETA1,pilot,5,0.0,0.0,0.0,0.0,0.0,0.0,0.0
strike_low,NCV_TRANSFER_BETA1,pricing,5,0.3556965387999753,0.000720492278339223,0.3553459810000277,0.35496204400010356,0.3566412650000075,0.3552608809998219,0.35627252299991596
strike_low,NCV_TRANSFER_BETA1,setup_cost,5,12.767546810399926,0.45403760438603125,12.57665540999983,12.527099506000013,13.578486545000032,12.55938291099983,12.596109679999927
strike_low,NCV_TRANSFER_BETA1,standalone,5,13.123243349199901,0.4538461484877911,12.931916290999652,12.88337202899993,13.93383252600006,12.914344954999933,12.952750944999934
strike_low,NCV_TRANSFER_BETA1,target_training,5,0.0,0.0,0.0,0.0,0.0,0.0,0.0
volatility_high,AV,marginal,5,0.499917549599968,0.005286330551329528,0.500795738999841,0.4923525869999139,0.5062711820000914,0.49749982599996656,0.502668414000027
volatility_high,AV,pilot,5,0.0,0.0,0.0,0.0,0.0,0.0,0.0
volatility_high,AV,pricing,5,0.499917549599968,0.005286330551329528,0.500795738999841,0.4923525869999139,0.5062711820000914,0.49749982599996656,0.502668414000027
volatility_high,AV,setup_cost,5,0.0,0.0,0.0,0.0,0.0,0.0,0.0
volatility_high,AV,standalone,5,0.499917549599968,0.005286330551329528,0.500795738999841,0.4923525869999139,0.5062711820000914,0.49749982599996656,0.502668414000027
volatility_high,AV,target_training,5,0.0,0.0,0.0,0.0,0.0,0.0,0.0
volatility_high,GCV,marginal,5,0.38999740139993266,0.002220318255982053,0.3893420489998789,0.38780730099983884,0.3926706899999317,0.3881688120000035,0.39199815500001023
volatility_high,GCV,pilot,5,0.007620094000048994,0.00012953468485952008,0.0076348630000211415,0.007493559000067762,0.007818393999968976,0.007514293999975052,0.0076393600002120365
volatility_high,GCV,pricing,5,0.38999740139993266,0.002220318255982053,0.3893420489998789,0.38780730099983884,0.3926706899999317,0.3881688120000035,0.39199815500001023
volatility_high,GCV,setup_cost,5,0.007620094000048994,0.00012953468485952008,0.0076348630000211415,0.007493559000067762,0.007818393999968976,0.007514293999975052,0.0076393600002120365
volatility_high,GCV,standalone,5,0.39761749539998165,0.0021678454876309858,0.39683560799994666,0.3954466610000509,0.40030555299995285,0.3959872059999725,0.3995124489999853
volatility_high,GCV,target_training,5,0.0,0.0,0.0,0.0,0.0,0.0,0.0
volatility_high,MC,marginal,5,0.34004060180000123,0.0014061245515925031,0.33980584799996905,0.33851254499995775,0.3417877280000994,0.3389380149999397,0.34115887300004033
volatility_high,MC,pilot,5,0.0,0.0,0.0,0.0,0.0,0.0,0.0
volatility_high,MC,pricing,5,0.34004060180000123,0.0014061245515925031,0.33980584799996905,0.33851254499995775,0.3417877280000994,0.3389380149999397,0.34115887300004033
volatility_high,MC,setup_cost,5,0.0,0.0,0.0,0.0,0.0,0.0,0.0
volatility_high,MC,standalone,5,0.34004060180000123,0.0014061245515925031,0.33980584799996905,0.33851254499995775,0.3417877280000994,0.3389380149999397,0.34115887300004033
volatility_high,MC,target_training,5,0.0,0.0,0.0,0.0,0.0,0.0,0.0
volatility_high,NCV_SCRATCH,marginal,5,0.3325842463999834,0.002827935138205492,0.33295778999990944,0.3296593949999078,0.33563179399993714,0.3297013680000873,0.3349708850000752
volatility_high,NCV_SCRATCH,ncv_setup,5,12.631646296800046,0.22335488180177232,12.558667855000294,12.472991786999955,13.02613045299995,12.54087993600001,12.559561453000015
volatility_high,NCV_SCRATCH,pilot,5,0.0,0.0,0.0,0.0,0.0,0.0,0.0
volatility_high,NCV_SCRATCH,pricing,5,0.3325842463999834,0.002827935138205492,0.33295778999990944,0.3296593949999078,0.33563179399993714,0.3297013680000873,0.3349708850000752
volatility_high,NCV_SCRATCH,setup_cost,5,12.631646296800046,0.22335488180177232,12.558667855000294,12.472991786999955,13.02613045299995,12.54087993600001,12.559561453000015
volatility_high,NCV_SCRATCH,standalone,5,12.964230543200028,0.22529399670840486,12.892519242999924,12.802693155000043,13.361762246999888,12.870539330999918,12.89363874000037
volatility_high,NCV_SCRATCH,target_training,5,12.631646296800046,0.22335488180177232,12.558667855000294,12.472991786999955,13.02613045299995,12.54087993600001,12.559561453000015
volatility_high,NCV_TRANSFER_BETA,marginal,5,0.35795520400001807,0.0020438918367728237,0.3572674680001455,0.35595805699995253,0.3612110950000442,0.35680814699981056,0.35853125300013744
volatility_high,NCV_TRANSFER_BETA,pilot,5,0.008273296399966056,0.00018116171183862035,0.008211341000105676,0.008159204999856229,0.008592504999796802,0.008167942999989464,0.008235488000082114
volatility_high,NCV_TRANSFER_BETA,pricing,5,0.35795520400001807,0.0020438918367728237,0.3572674680001455,0.35595805699995253,0.3612110950000442,0.35680814699981056,0.35853125300013744
volatility_high,NCV_TRANSFER_BETA,setup_cost,5,12.775820106799893,0.453973875774342,12.584890897999912,12.535267449000003,13.586645749999889,12.567975415999626,12.604321021000032
volatility_high,NCV_TRANSFER_BETA,standalone,5,13.13377531079991,0.4529237844879595,12.941699044999723,12.892534917000148,13.942603806999841,12.926506668999764,12.965532116000077
volatility_high,NCV_TRANSFER_BETA,target_training,5,0.0,0.0,0.0,0.0,0.0,0.0,0.0
volatility_high,NCV_TRANSFER_BETA1,marginal,5,0.3577113774000281,0.0030372449961709102,0.35767877600005704,0.35351057499997296,0.36149763799994616,0.3563831940000455,0.35948670400011906
volatility_high,NCV_TRANSFER_BETA1,pilot,5,0.0,0.0,0.0,0.0,0.0,0.0,0.0
volatility_high,NCV_TRANSFER_BETA1,pricing,5,0.3577113774000281,0.0030372449961709102,0.35767877600005704,0.35351057499997296,0.36149763799994616,0.3563831940000455,0.35948670400011906
volatility_high,NCV_TRANSFER_BETA1,setup_cost,5,12.767546810399926,0.45403760438603125,12.57665540999983,12.527099506000013,13.578486545000032,12.55938291099983,12.596109679999927
volatility_high,NCV_TRANSFER_BETA1,standalone,5,13.125258187799954,0.4534120656872455,12.938153047999776,12.880610080999986,13.934869739000078,12.918869614999949,12.953788455999984
volatility_high,NCV_TRANSFER_BETA1,target_training,5,0.0,0.0,0.0,0.0,0.0,0.0,0.0
volatility_low,AV,marginal,5,0.49656364779998513,0.004392819230829691,0.49669144199992843,0.4903848260000814,0.5027403159999722,0.49585501399997156,0.4971466409999721
volatility_low,AV,pilot,5,0.0,0.0,0.0,0.0,0.0,0.0,0.0
volatility_low,AV,pricing,5,0.49656364779998513,0.004392819230829691,0.49669144199992843,0.4903848260000814,0.5027403159999722,0.49585501399997156,0.4971466409999721
volatility_low,AV,setup_cost,5,0.0,0.0,0.0,0.0,0.0,0.0,0.0
volatility_low,AV,standalone,5,0.49656364779998513,0.004392819230829691,0.49669144199992843,0.4903848260000814,0.5027403159999722,0.49585501399997156,0.4971466409999721
volatility_low,AV,target_training,5,0.0,0.0,0.0,0.0,0.0,0.0,0.0
volatility_low,GCV,marginal,5,0.3899056313999608,0.002865786128247257,0.3896561509998264,0.3860157369999797,0.3929052880000654,0.38847424300001876,0.3924767379999139
volatility_low,GCV,pilot,5,0.0075670140000056564,8.088960808673605e-05,0.007542014999899038,0.007489029999987906,0.007696204000012585,0.00751903500008666,0.0075887860000420915
volatility_low,GCV,pricing,5,0.3899056313999608,0.002865786128247257,0.3896561509998264,0.3860157369999797,0.3929052880000654,0.38847424300001876,0.3924767379999139
volatility_low,GCV,setup_cost,5,0.0075670140000056564,8.088960808673605e-05,0.007542014999899038,0.007489029999987906,0.007696204000012585,0.00751903500008666,0.0075887860000420915
volatility_low,GCV,standalone,5,0.3974726453999665,0.002879985182253206,0.3971751859999131,0.3936045230000218,0.400601492000078,0.3960162579999178,0.3999657679999018
volatility_low,GCV,target_training,5,0.0,0.0,0.0,0.0,0.0,0.0,0.0
volatility_low,MC,marginal,5,0.34042408699997395,0.0023280983832656313,0.340928243999997,0.33762229999979354,0.34322121800005334,0.33849694400009867,0.3418517289999272
volatility_low,MC,pilot,5,0.0,0.0,0.0,0.0,0.0,0.0,0.0
volatility_low,MC,pricing,5,0.34042408699997395,0.0023280983832656313,0.340928243999997,0.33762229999979354,0.34322121800005334,0.33849694400009867,0.3418517289999272
volatility_low,MC,setup_cost,5,0.0,0.0,0.0,0.0,0.0,0.0,0.0
volatility_low,MC,standalone,5,0.34042408699997395,0.0023280983832656313,0.340928243999997,0.33762229999979354,0.34322121800005334,0.33849694400009867,0.3418517289999272
volatility_low,MC,target_training,5,0.0,0.0,0.0,0.0,0.0,0.0,0.0
volatility_low,NCV_SCRATCH,marginal,5,0.3314819973998965,0.0011663794495018474,0.3321119049999197,0.3301640319998569,0.3326220659998853,0.33027976599987596,0.3322322179999446
volatility_low,NCV_SCRATCH,ncv_setup,5,12.539929170599999,0.04845017050264034,12.555465186999982,12.456158410000171,12.582025091000105,12.550076050999905,12.55592111399983
volatility_low,NCV_SCRATCH,pilot,5,0.0,0.0,0.0,0.0,0.0,0.0,0.0
volatility_low,NCV_SCRATCH,pricing,5,0.3314819973998965,0.0011663794495018474,0.3321119049999197,0.3301640319998569,0.3326220659998853,0.33027976599987596,0.3322322179999446
volatility_low,NCV_SCRATCH,setup_cost,5,12.539929170599999,0.04845017050264034,12.555465186999982,12.456158410000171,12.582025091000105,12.550076050999905,12.55592111399983
volatility_low,NCV_SCRATCH,standalone,5,12.871411167999895,0.0492111415975188,12.885629218999838,12.786438176000047,12.91464715699999,12.88230826899985,12.88803301899975
volatility_low,NCV_SCRATCH,target_training,5,12.539929170599999,0.04845017050264034,12.555465186999982,12.456158410000171,12.582025091000105,12.550076050999905,12.55592111399983
volatility_low,NCV_TRANSFER_BETA,marginal,5,0.3591490320000503,0.0036763709302965793,0.3586578700001155,0.3550662279999415,0.36503187400012393,0.3575759330001347,0.3594132549999358
volatility_low,NCV_TRANSFER_BETA,pilot,5,0.008200504200021896,0.00010481518089337987,0.008224297999959163,0.008081996000100844,0.008349073000090357,0.008119671000031303,0.008227482999927815
volatility_low,NCV_TRANSFER_BETA,pricing,5,0.3591490320000503,0.0036763709302965793,0.3586578700001155,0.3550662279999415,0.36503187400012393,0.3575759330001347,0.3594132549999358
volatility_low,NCV_TRANSFER_BETA,setup_cost,5,12.775747314599949,0.45412315003825043,12.584882892999758,12.535219177000045,13.586835618000123,12.56746490699993,12.604333977999886
volatility_low,NCV_TRANSFER_BETA,standalone,5,13.134896346599998,0.45331957695594727,12.944296147999694,12.890285404999986,13.944411551000258,12.932496781000054,12.962991848000001
volatility_low,NCV_TRANSFER_BETA,target_training,5,0.0,0.0,0.0,0.0,0.0,0.0,0.0
volatility_low,NCV_TRANSFER_BETA1,marginal,5,0.35782635599998686,0.004164296587103036,0.3577069790001133,0.35367239699985475,0.3644229559999985,0.35494979999998577,0.3583796479999819
volatility_low,NCV_TRANSFER_BETA1,pilot,5,0.0,0.0,0.0,0.0,0.0,0.0,0.0
volatility_low,NCV_TRANSFER_BETA1,pricing,5,0.35782635599998686,0.004164296587103036,0.3577069790001133,0.35367239699985475,0.3644229559999985,0.35494979999998577,0.3583796479999819
volatility_low,NCV_TRANSFER_BETA1,setup_cost,5,12.767546810399926,0.45403760438603125,12.57665540999983,12.527099506000013,13.578486545000032,12.55938291099983,12.596109679999927
volatility_low,NCV_TRANSFER_BETA1,standalone,5,13.125373166399914,0.4541147668859083,12.941078365999829,12.882049305999999,13.936193524000146,12.913055307999684,12.954489327999909
volatility_low,NCV_TRANSFER_BETA1,target_training,5,0.0,0.0,0.0,0.0,0.0,0.0,0.0
