base_seed,replication,contract_id,K,sigma,T,method,monitoring_dates,experiment_role,ncv_epoch,ncv_epoch_source,estimated_beta,payoff_control_correlation,payoff_variance,control_variance,payoff_control_covariance,optimal_residual_variance,optimal_residual_variance_status,observed_residual_variance,residual_variance_beta_one,variance_improvement_from_estimating_beta,variance_improvement_from_estimating_beta_definition,parameter_hash,hash_verification,target_training_paths,pilot_paths,pricing_paths,marginal_runtime_s,error
42,0,strike_low,80.0,0.2,1.0,NCV_TRANSFER_BETA1,252,expanded_training_followup_stage8_m252_n20000_r5,200,capacity_and_data_sensitivity_best_tested_configuration,1.0,0.917617558066944,128.59034983556336,63.169111113242735,82.70243311454065,20.314448488722945,ok,26.354594719724826,26.354594719724826,1.0,residual_variance_beta_one / observed_residual_variance,1f9f0c5e928f55d4673962022a5a00ba7c117bfae17f13d0ab9fe01638936294,True,0,0,50000,0.3553459810000277,
42,0,strike_low,80.0,0.2,1.0,NCV_TRANSFER_BETA,252,expanded_training_followup_stage8_m252_n20000_r5,200,capacity_and_data_sensitivity_best_tested_configuration,1.3143027780579026,0.9153347546893941,128.59034983556336,63.169111113242735,82.70243311454065,20.314448488722945,ok,20.31607871728242,26.354594719724826,1.2972284212162253,residual_variance_beta_one / observed_residual_variance,1f9f0c5e928f55d4673962022a5a00ba7c117bfae17f13d0ab9fe01638936294,True,0,1000,50000,0.358852595000144,
42,0,strike_high,120.0,0.2,1.0,NCV_TRANSFER_BETA1,252,expanded_training_followup_stage8_m252_n20000_r5,200,capacity_and_data_sensitivity_best_tested_configuration,1.0,0.6787147702162947,6.475907433844917,64.06261050975024,13.82419758944309,3.49275645902041,ok,42.89012276470898,42.89012276470898,1.0,residual_variance_beta_one / observed_residual_variance,1f9f0c5e928f55d4673962022a5a00ba7c117bfae17f13d0ab9fe01638936294,True,0,0,50000,0.3572538139999324,
42,0,strike_high,120.0,0.2,1.0,NCV_TRANSFER_BETA,252,expanded_training_followup_stage8_m252_n20000_r5,200,capacity_and_data_sensitivity_best_tested_configuration,0.22954433735139454,0.7041068355378015,6.475907433844917,64.06261050975024,13.82419758944309,3.49275645902041,ok,3.5048724490247958,42.89012276470898,12.237284919353579,residual_variance_beta_one / observed_residual_variance,1f9f0c5e928f55d4673962022a5a00ba7c117bfae17f13d0ab9fe01638936294,True,0,1000,50000,0.3627908550001848,
42,0,volatility_low,100.0,0.1,1.0,NCV_TRANSFER_BETA1,252,expanded_training_followup_stage8_m252_n20000_r5,200,capacity_and_data_sensitivity_best_tested_configuration,1.0,0.9899519022764036,17.960591375666944,63.310135144366186,33.3818983954943,0.35912617667394997,ok,14.506929729044485,14.506929729044485,1.0,residual_variance_beta_one / observed_residual_variance,1f9f0c5e928f55d4673962022a5a00ba7c117bfae17f13d0ab9fe01638936294,True,0,0,50000,0.3577069790001133,
42,0,volatility_low,100.0,0.1,1.0,NCV_TRANSFER_BETA,252,expanded_training_followup_stage8_m252_n20000_r5,200,capacity_and_data_sensitivity_best_tested_configuration,0.5242578991277087,0.9906988065511813,17.960591375666944,63.310135144366186,33.3818983954943,0.35912617667394997,ok,0.3597027653176834,14.506929729044485,40.33032583508834,residual_variance_beta_one / observed_residual_variance,1f9f0c5e928f55d4673962022a5a00ba7c117bfae17f13d0ab9fe01638936294,True,0,1000,50000,0.3575759330001347,
42,0,volatility_high,100.0,0.5,1.0,NCV_TRANSFER_BETA1,252,expanded_training_followup_stage8_m252_n20000_r5,200,capacity_and_data_sensitivity_best_tested_configuration,1.0,0.9803298192654005,445.77212051707363,62.188842738152616,163.22433289069394,17.364359983732868,ok,181.51229747383871,181.51229747383871,1.0,residual_variance_beta_one / observed_residual_variance,1f9f0c5e928f55d4673962022a5a00ba7c117bfae17f13d0ab9fe01638936294,True,0,0,50000,0.3563831940000455,
42,0,volatility_high,100.0,0.5,1.0,NCV_TRANSFER_BETA,252,expanded_training_followup_stage8_m252_n20000_r5,200,capacity_and_data_sensitivity_best_tested_configuration,2.5838974154799006,0.9820798406551049,445.77212051707363,62.188842738152616,163.22433289069394,17.364359983732868,ok,17.467673072118302,181.51229747383871,10.391326693855207,residual_variance_beta_one / observed_residual_variance,1f9f0c5e928f55d4673962022a5a00ba7c117bfae17f13d0ab9fe01638936294,True,0,1000,50000,0.35595805699995253,
42,0,maturity_short,100.0,0.2,0.5,NCV_TRANSFER_BETA1,252,expanded_training_followup_stage8_m252_n20000_r5,200,capacity_and_data_sensitivity_best_tested_configuration,1.0,0.9997093778334093,29.36162459836668,62.98690809483683,42.9921289798096,0.017063797991475838,ok,6.364274733584294,6.364274733584294,1.0,residual_variance_beta_one / observed_residual_variance,1f9f0c5e928f55d4673962022a5a00ba7c117bfae17f13d0ab9fe01638936294,True,0,0,50000,0.3551755739999862,
42,0,maturity_short,100.0,0.2,0.5,NCV_TRANSFER_BETA,252,expanded_training_followup_stage8_m252_n20000_r5,200,capacity_and_data_sensitivity_best_tested_configuration,0.6816823582212944,0.9997030387279194,29.36162459836668,62.98690809483683,42.9921289798096,0.017063797991475838,ok,0.0171119373096176,6.364274733584294,371.920175865027,residual_variance_beta_one / observed_residual_variance,1f9f0c5e928f55d4673962022a5a00ba7c117bfae17f13d0ab9fe01638936294,True,0,1000,50000,0.35681586900000184,
42,0,maturity_long,100.0,0.2,2.0,NCV_TRANSFER_BETA1,252,expanded_training_followup_stage8_m252_n20000_r5,200,capacity_and_data_sensitivity_best_tested_configuration,1.0,0.9994262706301218,141.24349586870116,63.361637410777114,94.54709423592983,0.16202459129780777,ok,15.510944807618445,15.510944807618445,1.0,residual_variance_beta_one / observed_residual_variance,1f9f0c5e928f55d4673962022a5a00ba7c117bfae17f13d0ab9fe01638936294,True,0,0,50000,0.35889725099991665,
42,0,maturity_long,100.0,0.2,2.0,NCV_TRANSFER_BETA,252,expanded_training_followup_stage8_m252_n20000_r5,200,capacity_and_data_sensitivity_best_tested_configuration,1.4946823247383438,0.999451955679208,141.24349586870116,63.361637410777114,94.54709423592983,0.16202459129780777,ok,0.16242070741304296,15.510944807618445,95.49856699105142,residual_variance_beta_one / observed_residual_variance,1f9f0c5e928f55d4673962022a5a00ba7c117bfae17f13d0ab9fe01638936294,True,0,1000,50000,0.3613433180000811,
42,1,strike_low,80.0,0.2,1.0,NCV_TRANSFER_BETA1,252,expanded_training_followup_stage8_m252_n20000_r5,200,capacity_and_data_sensitivity_best_tested_configuration,1.0,0.917081883967524,127.22082557035053,62.47705906776407,81.76124732532806,20.223126511839055,ok,26.17538998745858,26.17538998745858,1.0,residual_variance_beta_one / observed_residual_variance,6e1cf0e92b4387cab442cb651f8472fb163170cc1275ee354b500e71626c9ed0,True,0,0,50000,0.35627252299991596,
42,1,strike_low,80.0,0.2,1.0,NCV_TRANSFER_BETA,252,expanded_training_followup_stage8_m252_n20000_r5,200,capacity_and_data_sensitivity_best_tested_configuration,1.3016451545370753,0.9168167955783322,127.22082557035053,62.47705906776407,81.76124732532806,20.223126511839055,ok,20.226201155970834,26.17538998745858,1.294132782800468,residual_variance_beta_one / observed_residual_variance,6e1cf0e92b4387cab442cb651f8472fb163170cc1275ee354b500e71626c9ed0,True,0,1000,50000,0.3543035699999564,
42,1,strike_high,120.0,0.2,1.0,NCV_TRANSFER_BETA1,252,expanded_training_followup_stage8_m252_n20000_r5,200,capacity_and_data_sensitivity_best_tested_configuration,1.0,0.6695526057158865,5.972261666679008,62.39887521504074,12.92535556333465,3.29489262977117,ok,42.520425755050454,42.520425755050454,1.0,residual_variance_beta_one / observed_residual_variance,6e1cf0e92b4387cab442cb651f8472fb163170cc1275ee354b500e71626c9ed0,True,0,0,50000,0.3533050490000278,
42,1,strike_high,120.0,0.2,1.0,NCV_TRANSFER_BETA,252,expanded_training_followup_stage8_m252_n20000_r5,200,capacity_and_data_sensitivity_best_tested_configuration,0.21836975196740113,0.6857903761158158,5.972261666679008,62.39887521504074,12.92535556333465,3.29489262977117,ok,3.3027604050410297,42.520425755050454,12.874208401599821,residual_variance_beta_one / observed_residual_variance,6e1cf0e92b4387cab442cb651f8472fb163170cc1275ee354b500e71626c9ed0,True,0,1000,50000,0.3532068839999738,
42,1,volatility_low,100.0,0.1,1.0,NCV_TRANSFER_BETA1,252,expanded_training_followup_stage8_m252_n20000_r5,200,capacity_and_data_sensitivity_best_tested_configuration,1.0,0.9900059657462861,17.976255668865416,63.737482598613866,33.510806724544395,0.3575151484453052,ok,14.692124818390564,14.692124818390564,1.0,residual_variance_beta_one / observed_residual_variance,6e1cf0e92b4387cab442cb651f8472fb163170cc1275ee354b500e71626c9ed0,True,0,0,50000,0.35494979999998577,
42,1,volatility_low,100.0,0.1,1.0,NCV_TRANSFER_BETA,252,expanded_training_followup_stage8_m252_n20000_r5,200,capacity_and_data_sensitivity_best_tested_configuration,0.5326060828949027,0.989257748848935,17.976255668865416,63.737482598613866,33.510806724544395,0.3575151484453052,ok,0.360499879179329,14.692124818390562,40.75486752405271,residual_variance_beta_one / observed_residual_variance,6e1cf0e92b4387cab442cb651f8472fb163170cc1275ee354b500e71626c9ed0,True,0,1000,50000,0.3550662279999415,
42,1,volatility_high,100.0,0.5,1.0,NCV_TRANSFER_BETA1,252,expanded_training_followup_stage8_m252_n20000_r5,200,capacity_and_data_sensitivity_best_tested_configuration,1.0,0.9805494739904291,461.9262664402213,64.32420912694158,169.0219343943323,17.79466040643075,ok,188.20660677849872,188.20660677849872,1.0,residual_variance_beta_one / observed_residual_variance,6e1cf0e92b4387cab442cb651f8472fb163170cc1275ee354b500e71626c9ed0,True,0,0,50000,0.35351057499997296,
42,1,volatility_high,100.0,0.5,1.0,NCV_TRANSFER_BETA,252,expanded_training_followup_stage8_m252_n20000_r5,200,capacity_and_data_sensitivity_best_tested_configuration,2.554816701450227,0.9798832790418323,461.9262664402213,64.32420912694158,169.0219343943323,17.79466040643075,ok,18.135942453174913,188.20660677849872,10.377547638587203,residual_variance_beta_one / observed_residual_variance,6e1cf0e92b4387cab442cb651f8472fb163170cc1275ee354b500e71626c9ed0,True,0,1000,50000,0.3572674680001455,
42,1,maturity_short,100.0,0.2,0.5,NCV_TRANSFER_BETA1,252,expanded_training_followup_stage8_m252_n20000_r5,200,capacity_and_data_sensitivity_best_tested_configuration,1.0,0.999764319175281,29.192202509471542,62.874906993960224,42.8321369492092,0.013758463231550166,ok,6.402835605013311,6.402835605013311,1.0,residual_variance_beta_one / observed_residual_variance,6e1cf0e92b4387cab442cb651f8472fb163170cc1275ee354b500e71626c9ed0,True,0,0,50000,0.35751493699990533,
42,1,maturity_short,100.0,0.2,0.5,NCV_TRANSFER_BETA,252,expanded_training_followup_stage8_m252_n20000_r5,200,capacity_and_data_sensitivity_best_tested_configuration,0.6825073771285786,0.9997869063575343,29.192202509471542,62.874906993960224,42.8321369492092,0.013758463231550166,ok,0.013861403327971289,6.40283560501331,461.91828154172964,residual_variance_beta_one / observed_residual_variance,6e1cf0e92b4387cab442cb651f8472fb163170cc1275ee354b500e71626c9ed0,True,0,1000,50000,0.3549437880001278,
42,1,maturity_long,100.0,0.2,2.0,NCV_TRANSFER_BETA1,252,expanded_training_followup_stage8_m252_n20000_r5,200,capacity_and_data_sensitivity_best_tested_configuration,1.0,0.999433580366192,141.31499610787984,63.70355148137896,94.82653582281355,0.16004183843386954,ok,15.365475943631793,15.365475943631793,1.0,residual_variance_beta_one / observed_residual_variance,6e1cf0e92b4387cab442cb651f8472fb163170cc1275ee354b500e71626c9ed0,True,0,0,50000,0.3618538460000309,
42,1,maturity_long,100.0,0.2,2.0,NCV_TRANSFER_BETA,252,expanded_training_followup_stage8_m252_n20000_r5,200,capacity_and_data_sensitivity_best_tested_configuration,1.486989428695761,0.9994700717303403,141.31499610787984,63.70355148137896,94.82653582281355,0.16004183843386954,ok,0.16019890409975263,15.365475943631793,95.91498787072864,residual_variance_beta_one / observed_residual_variance,6e1cf0e92b4387cab442cb651f8472fb163170cc1275ee354b500e71626c9ed0,True,0,1000,50000,0.3609321879998788,
42,2,strike_low,80.0,0.2,1.0,NCV_TRANSFER_BETA1,252,expanded_training_followup_stage8_m252_n20000_r5,200,capacity_and_data_sensitivity_best_tested_configuration,1.0,0.9174597750879264,126.61420470498855,62.776810472101054,81.79520989876907,20.03892137871908,ok,25.800595379551474,25.800595379551474,1.0,residual_variance_beta_one / observed_residual_variance,c46ce45051a7a9765cd32972245d223b0efb4962f16fbc80ab12c0eb9b211779,True,0,0,50000,0.35496204400010356,
42,2,strike_low,80.0,0.2,1.0,NCV_TRANSFER_BETA,252,expanded_training_followup_stage8_m252_n20000_r5,200,capacity_and_data_sensitivity_best_tested_configuration,1.3055170585769957,0.916490352469042,126.61420470498855,62.776810472101054,81.79520989876907,20.03892137871908,ok,20.03933421957356,25.800595379551478,1.2874976332472445,residual_variance_beta_one / observed_residual_variance,c46ce45051a7a9765cd32972245d223b0efb4962f16fbc80ab12c0eb9b211779,True,0,1000,50000,0.3620620819999658,
42,2,strike_high,120.0,0.2,1.0,NCV_TRANSFER_BETA1,252,expanded_training_followup_stage8_m252_n20000_r5,200,capacity_and_data_sensitivity_best_tested_configuration,1.0,0.6846321600067612,6.4642934592348835,64.49501546420012,13.97915445573528,3.4343421073234257,ok,43.00100001196447,43.00100001196447,1.0,residual_variance_beta_one / observed_residual_variance,c46ce45051a7a9765cd32972245d223b0efb4962f16fbc80ab12c0eb9b211779,True,0,0,50000,0.3542705999998361,
42,2,strike_high,120.0,0.2,1.0,NCV_TRANSFER_BETA,252,expanded_training_followup_stage8_m252_n20000_r5,200,capacity_and_data_sensitivity_best_tested_configuration,0.19604722974854422,0.6760280779950628,6.4642934592348835,64.49501546420012,13.97915445573528,3.4343421073234257,ok,3.4619791713037005,43.00100001196447,12.420929729560244,residual_variance_beta_one / observed_residual_variance,c46ce45051a7a9765cd32972245d223b0efb4962f16fbc80ab12c0eb9b211779,True,0,1000,50000,0.3585691959999622,
42,2,volatility_low,100.0,0.1,1.0,NCV_TRANSFER_BETA1,252,expanded_training_followup_stage8_m252_n20000_r5,200,capacity_and_data_sensitivity_best_tested_configuration,1.0,0.9901063356692317,18.213789510431063,64.92727843322825,34.04831276132803,0.35861938982553454,ok,15.04444242100333,15.04444242100333,1.0,residual_variance_beta_one / observed_residual_variance,c46ce45051a7a9765cd32972245d223b0efb4962f16fbc80ab12c0eb9b211779,True,0,0,50000,0.35367239699985475,
42,2,volatility_low,100.0,0.1,1.0,NCV_TRANSFER_BETA,252,expanded_training_followup_stage8_m252_n20000_r5,200,capacity_and_data_sensitivity_best_tested_configuration,0.5248084658670734,0.9907362793749287,18.213789510431063,64.92727843322825,34.04831276132803,0.35861938982553454,ok,0.35862985972127553,15.04444242100333,41.949776386985064,residual_variance_beta_one / observed_residual_variance,c46ce45051a7a9765cd32972245d223b0efb4962f16fbc80ab12c0eb9b211779,True,0,1000,50000,0.36503187400012393,
42,2,volatility_high,100.0,0.5,1.0,NCV_TRANSFER_BETA1,252,expanded_training_followup_stage8_m252_n20000_r5,200,capacity_and_data_sensitivity_best_tested_configuration,1.0,0.980400257079901,444.8158135570782,62.68304757069419,163.70750031670775,17.265675224707593,ok,180.08386049435623,180.08386049435623,1.0,residual_variance_beta_one / observed_residual_variance,c46ce45051a7a9765cd32972245d223b0efb4962f16fbc80ab12c0eb9b211779,True,0,0,50000,0.35948670400011906,
42,2,volatility_high,100.0,0.5,1.0,NCV_TRANSFER_BETA,252,expanded_training_followup_stage8_m252_n20000_r5,200,capacity_and_data_sensitivity_best_tested_configuration,2.5806775597645,0.9814417294715033,444.8158135570782,62.68304757069419,163.70750031670775,17.265675224707593,ok,17.325888315200185,180.08386049435623,10.393917888548707,residual_variance_beta_one / observed_residual_variance,c46ce45051a7a9765cd32972245d223b0efb4962f16fbc80ab12c0eb9b211779,True,0,1000,50000,0.35853125300013744,
42,2,maturity_short,100.0,0.2,0.5,NCV_TRANSFER_BETA1,252,expanded_training_followup_stage8_m252_n20000_r5,200,capacity_and_data_sensitivity_best_tested_configuration,1.0,0.9997461028254493,29.393994875862454,63.54829287025605,43.20867721826917,0.01492420964754615,ok,6.524933309580106,6.524933309580106,1.0,residual_variance_beta_one / observed_residual_variance,c46ce45051a7a9765cd32972245d223b0efb4962f16fbc80ab12c0eb9b211779,True,0,0,50000,0.3570652850000897,
42,2,maturity_short,100.0,0.2,0.5,NCV_TRANSFER_BETA,252,expanded_training_followup_stage8_m252_n20000_r5,200,capacity_and_data_sensitivity_best_tested_configuration,0.6789705416407885,0.9997564776739828,29.393994875862454,63.54829287025605,43.20867721826917,0.01492420964754615,ok,0.014983260644902217,6.524933309580106,435.4815326395658,residual_variance_beta_one / observed_residual_variance,c46ce45051a7a9765cd32972245d223b0efb4962f16fbc80ab12c0eb9b211779,True,0,1000,50000,0.3550302890000694,
42,2,maturity_long,100.0,0.2,2.0,NCV_TRANSFER_BETA1,252,expanded_training_followup_stage8_m252_n20000_r5,200,capacity_and_data_sensitivity_best_tested_configuration,1.0,0.9994520883201308,139.1352013087235,63.026876763873176,93.59300327547693,0.15242583436520363,ok,14.976071521642776,14.976071521642776,1.0,residual_variance_beta_one / observed_residual_variance,c46ce45051a7a9765cd32972245d223b0efb4962f16fbc80ab12c0eb9b211779,True,0,0,50000,0.3600800590002109,
42,2,maturity_long,100.0,0.2,2.0,NCV_TRANSFER_BETA,252,expanded_training_followup_stage8_m252_n20000_r5,200,capacity_and_data_sensitivity_best_tested_configuration,1.4828676793611852,0.9995334120366751,139.1352013087235,63.026876763873176,93.59300327547693,0.15242583436520363,ok,0.15270432222323196,14.976071521642776,98.07234859894727,residual_variance_beta_one / observed_residual_variance,c46ce45051a7a9765cd32972245d223b0efb4962f16fbc80ab12c0eb9b211779,True,0,1000,50000,0.3556091430000379,
42,3,strike_low,80.0,0.2,1.0,NCV_TRANSFER_BETA1,252,expanded_training_followup_stage8_m252_n20000_r5,200,capacity_and_data_sensitivity_best_tested_configuration,1.0,0.9167474365916205,127.362808288925,63.727758550003806,82.59149726442652,20.3238102826258,ok,25.90757231007579,25.90757231007579,1.0,residual_variance_beta_one / observed_residual_variance,72cbe26e77a2e42959aef381203aff84fc8b30e78146cd5269c0385c15248218,True,0,0,50000,0.3552608809998219,
42,3,strike_low,80.0,0.2,1.0,NCV_TRANSFER_BETA,252,expanded_training_followup_stage8_m252_n20000_r5,200,capacity_and_data_sensitivity_best_tested_configuration,1.2972105433043555,0.9203701833823599,127.362808288925,63.727758550003806,82.59149726442652,20.3238102826258,ok,20.323902891839374,25.90757231007579,1.2747341122397517,residual_variance_beta_one / observed_residual_variance,72cbe26e77a2e42959aef381203aff84fc8b30e78146cd5269c0385c15248218,True,0,1000,50000,0.35711611000010635,
42,3,strike_high,120.0,0.2,1.0,NCV_TRANSFER_BETA1,252,expanded_training_followup_stage8_m252_n20000_r5,200,capacity_and_data_sensitivity_best_tested_configuration,1.0,0.6806900178101792,6.2650560636337875,64.92989506428432,13.72885168025709,3.362211876501026,ok,43.73724776740397,43.73724776740397,1.0,residual_variance_beta_one / observed_residual_variance,72cbe26e77a2e42959aef381203aff84fc8b30e78146cd5269c0385c15248218,True,0,0,50000,0.3556610959999489,
42,3,strike_high,120.0,0.2,1.0,NCV_TRANSFER_BETA,252,expanded_training_followup_stage8_m252_n20000_r5,200,capacity_and_data_sensitivity_best_tested_configuration,0.18118386522154667,0.6642083264572123,6.2650560636337875,64.92989506428432,13.72885168025709,3.362211876501026,ok,3.421655408451324,43.737247767403964,12.782481736581383,residual_variance_beta_one / observed_residual_variance,72cbe26e77a2e42959aef381203aff84fc8b30e78146cd5269c0385c15248218,True,0,1000,50000,0.3562683449999895,
42,3,volatility_low,100.0,0.1,1.0,NCV_TRANSFER_BETA1,252,expanded_training_followup_stage8_m252_n20000_r5,200,capacity_and_data_sensitivity_best_tested_configuration,1.0,0.9897402666951867,17.54291323104448,62.72388104541884,32.831336201270446,0.35812461791102024,ok,14.604121873922466,14.604121873922466,1.0,residual_variance_beta_one / observed_residual_variance,72cbe26e77a2e42959aef381203aff84fc8b30e78146cd5269c0385c15248218,True,0,0,50000,0.3644229559999985,
42,3,volatility_low,100.0,0.1,1.0,NCV_TRANSFER_BETA,252,expanded_training_followup_stage8_m252_n20000_r5,200,capacity_and_data_sensitivity_best_tested_configuration,0.5232963125216271,0.9892445108879417,17.54291323104448,62.72388104541884,32.831336201270446,0.35812461791102024,ok,0.3581256796193339,14.604121873922464,40.77932051520508,residual_variance_beta_one / observed_residual_variance,72cbe26e77a2e42959aef381203aff84fc8b30e78146cd5269c0385c15248218,True,0,1000,50000,0.3594132549999358,
42,3,volatility_high,100.0,0.5,1.0,NCV_TRANSFER_BETA1,252,expanded_training_followup_stage8_m252_n20000_r5,200,capacity_and_data_sensitivity_best_tested_configuration,1.0,0.9806487075877932,460.0620423938218,65.00626067869895,169.58961505313619,17.63330962877734,ok,185.8890729662485,185.8890729662485,1.0,residual_variance_beta_one / observed_residual_variance,72cbe26e77a2e42959aef381203aff84fc8b30e78146cd5269c0385c15248218,True,0,0,50000,0.36149763799994616,
42,3,volatility_high,100.0,0.5,1.0,NCV_TRANSFER_BETA,252,expanded_training_followup_stage8_m252_n20000_r5,200,capacity_and_data_sensitivity_best_tested_configuration,2.5323216552075145,0.9815728155231913,460.0620423938218,65.00626067869895,169.58961505313619,17.63330962877734,ok,18.013723312060755,185.8890729662485,10.319303219328894,residual_variance_beta_one / observed_residual_variance,72cbe26e77a2e42959aef381203aff84fc8b30e78146cd5269c0385c15248218,True,0,1000,50000,0.35680814699981056,
42,3,maturity_short,100.0,0.2,0.5,NCV_TRANSFER_BETA1,252,expanded_training_followup_stage8_m252_n20000_r5,200,capacity_and_data_sensitivity_best_tested_configuration,1.0,0.9997808945404456,30.04998446178341,65.68507085776892,44.41813252714182,0.013166788694444875,ok,6.898790265268635,6.898790265268635,1.0,residual_variance_beta_one / observed_residual_variance,72cbe26e77a2e42959aef381203aff84fc8b30e78146cd5269c0385c15248218,True,0,0,50000,0.3546164110000518,
42,3,maturity_short,100.0,0.2,0.5,NCV_TRANSFER_BETA,252,expanded_training_followup_stage8_m252_n20000_r5,200,capacity_and_data_sensitivity_best_tested_configuration,0.676855483474225,0.9997758326274476,30.04998446178341,65.68507085776892,44.41813252714182,0.013166788694444875,ok,0.013192590495550818,6.898790265268634,522.9291599398344,residual_variance_beta_one / observed_residual_variance,72cbe26e77a2e42959aef381203aff84fc8b30e78146cd5269c0385c15248218,True,0,1000,50000,0.36175105500001337,
42,3,maturity_long,100.0,0.2,2.0,NCV_TRANSFER_BETA1,252,expanded_training_followup_stage8_m252_n20000_r5,200,capacity_and_data_sensitivity_best_tested_configuration,1.0,0.999388075185563,141.19085066302608,64.49302996937898,95.36605796312573,0.17274350099052072,ok,14.951764706153345,14.951764706153345,1.0,residual_variance_beta_one / observed_residual_variance,72cbe26e77a2e42959aef381203aff84fc8b30e78146cd5269c0385c15248218,True,0,0,50000,0.3550648440000259,
42,3,maturity_long,100.0,0.2,2.0,NCV_TRANSFER_BETA,252,expanded_training_followup_stage8_m252_n20000_r5,200,capacity_and_data_sensitivity_best_tested_configuration,1.4784490561061763,0.9993945021048415,141.19085066302608,64.49302996937898,95.36605796312573,0.17274350099052072,ok,0.17274767069170188,14.951764706153345,86.55262699800657,residual_variance_beta_one / observed_residual_variance,72cbe26e77a2e42959aef381203aff84fc8b30e78146cd5269c0385c15248218,True,0,1000,50000,0.35941032200003065,
42,4,strike_low,80.0,0.2,1.0,NCV_TRANSFER_BETA1,252,expanded_training_followup_stage8_m252_n20000_r5,200,capacity_and_data_sensitivity_best_tested_configuration,1.0,0.9195778513989303,127.73350637153642,65.10835103541706,83.86085147198308,19.719061254036006,ok,25.12015446298741,25.12015446298741,1.0,residual_variance_beta_one / observed_residual_variance,34564ae2144d99841264883824bc78398ee4ca6ab685538b4838c5d110b1403b,True,0,0,50000,0.3566412650000075,
42,4,strike_low,80.0,0.2,1.0,NCV_TRANSFER_BETA,252,expanded_training_followup_stage8_m252_n20000_r5,200,capacity_and_data_sensitivity_best_tested_configuration,1.285664855371531,0.9187233785603893,127.73350637153642,65.10835103541706,83.86085147198308,19.719061254036006,ok,19.719422358767638,25.12015446298741,1.2738788188599501,residual_variance_beta_one / observed_residual_variance,34564ae2144d99841264883824bc78398ee4ca6ab685538b4838c5d110b1403b,True,0,1000,50000,0.353659301000107,
42,4,strike_high,120.0,0.2,1.0,NCV_TRANSFER_BETA1,252,expanded_training_followup_stage8_m252_n20000_r5,200,capacity_and_data_sensitivity_best_tested_configuration,1.0,0.6796339563153105,6.230813070226786,64.56586508598056,13.631665401892482,3.352786091393649,ok,43.5333473524224,43.5333473524224,1.0,residual_variance_beta_one / observed_residual_variance,34564ae2144d99841264883824bc78398ee4ca6ab685538b4838c5d110b1403b,True,0,0,50000,0.3590429809999023,
42,4,strike_high,120.0,0.2,1.0,NCV_TRANSFER_BETA,252,expanded_training_followup_stage8_m252_n20000_r5,200,capacity_and_data_sensitivity_best_tested_configuration,0.2010100194436867,0.6776376916010122,6.230813070226786,64.56586508598056,13.631665401892482,3.352786091393649,ok,3.359395996526554,43.5333473524224,12.958682869609207,residual_variance_beta_one / observed_residual_variance,34564ae2144d99841264883824bc78398ee4ca6ab685538b4838c5d110b1403b,True,0,1000,50000,0.35732065400020474,
42,4,volatility_low,100.0,0.1,1.0,NCV_TRANSFER_BETA1,252,expanded_training_followup_stage8_m252_n20000_r5,200,capacity_and_data_sensitivity_best_tested_configuration,1.0,0.9900049029513507,17.81085409447013,63.73096419391399,33.35454056325526,0.35426309106457055,ok,14.832737161873515,14.832737161873515,1.0,residual_variance_beta_one / observed_residual_variance,34564ae2144d99841264883824bc78398ee4ca6ab685538b4838c5d110b1403b,True,0,0,50000,0.3583796479999819,
42,4,volatility_low,100.0,0.1,1.0,NCV_TRANSFER_BETA,252,expanded_training_followup_stage8_m252_n20000_r5,200,capacity_and_data_sensitivity_best_tested_configuration,0.5207336241482333,0.9901390614826316,17.81085409447013,63.73096419391399,33.35454056325526,0.35426309106457055,ok,0.3547042914786224,14.832737161873515,41.8171911595478,residual_variance_beta_one / observed_residual_variance,34564ae2144d99841264883824bc78398ee4ca6ab685538b4838c5d110b1403b,True,0,1000,50000,0.3586578700001155,
42,4,volatility_high,100.0,0.5,1.0,NCV_TRANSFER_BETA1,252,expanded_training_followup_stage8_m252_n20000_r5,200,capacity_and_data_sensitivity_best_tested_configuration,1.0,0.980892266992816,454.15641381195223,64.71284537794882,168.15867806061075,17.189984010555293,ok,182.5519030686796,182.5519030686796,1.0,residual_variance_beta_one / observed_residual_variance,34564ae2144d99841264883824bc78398ee4ca6ab685538b4838c5d110b1403b,True,0,0,50000,0.35767877600005704,
42,4,volatility_high,100.0,0.5,1.0,NCV_TRANSFER_BETA,252,expanded_training_followup_stage8_m252_n20000_r5,200,capacity_and_data_sensitivity_best_tested_configuration,2.535580992651377,0.9811839322709217,454.15641381195223,64.71284537794882,168.15867806061075,17.189984010555293,ok,17.446465041312678,182.55190306867965,10.463546777894692,residual_variance_beta_one / observed_residual_variance,34564ae2144d99841264883824bc78398ee4ca6ab685538b4838c5d110b1403b,True,0,1000,50000,0.3612110950000442,
42,4,maturity_short,100.0,0.2,0.5,NCV_TRANSFER_BETA1,252,expanded_training_followup_stage8_m252_n20000_r5,200,capacity_and_data_sensitivity_best_tested_configuration,1.0,0.9997288689674517,29.739878357875423,65.13686626247039,44.0012746626436,0.016124621614967083,ok,6.874195295058473,6.874195295058473,1.0,residual_variance_beta_one / observed_residual_variance,34564ae2144d99841264883824bc78398ee4ca6ab685538b4838c5d110b1403b,True,0,0,50000,0.35647597100000894,
42,4,maturity_short,100.0,0.2,0.5,NCV_TRANSFER_BETA,252,expanded_training_followup_stage8_m252_n20000_r5,200,capacity_and_data_sensitivity_best_tested_configuration,0.6754718599635874,0.9997263600441738,29.739878357875423,65.13686626247039,44.0012746626436,0.016124621614967083,ok,0.016124774379264985,6.874195295058472,426.3126499244585,residual_variance_beta_one / observed_residual_variance,34564ae2144d99841264883824bc78398ee4ca6ab685538b4838c5d110b1403b,True,0,1000,50000,0.3590302690001863,
42,4,maturity_long,100.0,0.2,2.0,NCV_TRANSFER_BETA1,252,expanded_training_followup_stage8_m252_n20000_r5,200,capacity_and_data_sensitivity_best_tested_configuration,1.0,0.9994028118010838,140.84549733634674,64.4573208261434,95.22438486200832,0.16817230750231715,ok,14.854048438473402,14.854048438473402,1.0,residual_variance_beta_one / observed_residual_variance,34564ae2144d99841264883824bc78398ee4ca6ab685538b4838c5d110b1403b,True,0,0,50000,0.3553143099998124,
42,4,maturity_long,100.0,0.2,2.0,NCV_TRANSFER_BETA,252,expanded_training_followup_stage8_m252_n20000_r5,200,capacity_and_data_sensitivity_best_tested_configuration,1.4791899453020738,0.9994738084458938,140.84549733634674,64.4573208261434,95.22438486200832,0.16817230750231715,ok,0.1683965907448388,14.854048438473402,88.20872425488024,residual_variance_beta_one / observed_residual_variance,34564ae2144d99841264883824bc78398ee4ca6ab685538b4838c5d110b1403b,True,0,1000,50000,0.35639473500009444,
